55,阿,罢,薄,笨,辨,补,仓,拆
55,挨,白,饱,蹦,标,捕,舱,差
55,挨,百,宝,逼,表,不,藏,柴
55,矮,摆,保,鼻,别,布,操,缠
55,爱,败,报,比,别,步,曹,产
55,安,拜,抱,彼,宾,部,槽,长
55,氨,班,杯,笔,冰,擦,草,场
55,岸,般,背,必,兵,猜,册,肠
55,按,搬,北,闭,丙,才,侧,尝
55,案,板,贝,壁,炳,材,测,常
55,暗,版,备,避,饼,财,层,厂
55,凹,办,背,臂,屏,采,曾,场
55,熬,半,倍,边,并,彩,叉,唱
55,八,伴,被,编,病,踩,差,抄
55,巴,瓣,辈,鞭,拨,菜,插,超
55,扒,帮,奔,扁,波,蔡,茶,巢
55,拔,棒,本,变,伯,参,查,朝
55,把,包,苯,便,薄,残,察,潮
55,爸,炮,奔,遍,薄,蚕,叉,吵
56,炒,处,寸,登,都,二,缝,稿
56,车,楚,错,蹬,兜,发,佛,告
56,扯,处,搭,等,斗,罚,否,搁
56,撤,畜,打,邓,抖,法,夫,割
56,臣,触,达,瞪,斗,发,伏,歌
56,尘,川,答,低,豆,番,扶,格
56,沉,穿,打,滴,逗,翻,服,隔
56,陈,传,大,敌,都,凡,浮,个
56,称,船,呆,抵,毒,繁,幅,各
56,趁,喘,待,底,独,反,福,给
56,称,串,代,地,读,返,府,根
56,撑,创,带,帝,堵,犯,腐,跟
56,成,窗,待,递,杜,饭,付,更
56,呈,床,袋,第,度,泛,负,耕
56,诚,幢,戴,点,渡,范,妇,更
56,承,闯,担,碘,端,方,附,工
56,城,创,单,电,短,防,服,弓
56,乘,吹,胆,店,段,房,赴,公
56,盛,垂,石,垫,断,访,复,功
56,程,锤,但,雕,堆,放,副,攻
56,秤,春,担,吊,队,飞,赋,供
56,吃,纯,淡,调,对,非,富,宫
56,池,唇,弹,掉,吨,肥,腹,汞
56,迟,词,蛋,爹,蹲,匪,该,拱
56,持,辞,氮,跌,顿,肺,改,共
56,尺,磁,当,迭,多,废,钙,供
56,齿,雌,挡,叠,夺,费,盖,沟
56,赤,此,党,丁,度,分,干,钩
56,翅,次,当,盯,朵,粉,杆,狗
56,冲,刺,刀,钉,躲,分,肝,构
56,充,赐,导,顶,阿,份,杆,购
56,虫,从,岛,订,俄,粪,赶,够
56,重,丛,倒,钉,鹅,丰,敢,古
56,冲,凑,到,定,额,风,感,谷
56,抽,粗,倒,丢,恶,封,干,股
56,愁,促,道,东,饿,峰,刚,骨
56,丑,簇,稻,冬,恩,锋,纲,鼓
56,臭,窜,得,懂,儿,蜂,钢,固
56,出,催,德,动,而,冯,港,故
56,初,村,得,冻,尔,缝,高,顾
56,除,存,灯,洞,耳,奉,搞,雇
57,瓜,行,互,货,间,结,境,抗
57,刮,号,户,获,肩,接,镜,炕
57,挂,好,护,击,兼,街,究,考
57,拐,号,沪,机,拣,节,九,靠
57,怪,好,花,肌,茧,结,久,科
57,关,耗,划,鸡,捡,截,酒,棵
57,观,呵,华,积,检,解,旧,颗
57,官,喝,滑,基,减,戒,救,壳
57,冠,合,化,激,剪,届,就,咳
57,馆,何,划,及,简,界,车,可
57,管,和,华,级,碱,借,居,克
57,观,河,画,极,见,解,局,刻
57,冠,荷,话,即,件,斤,举,客
57,惯,核,怀,急,建,今,巨,课
57,灌,盒,坏,集,剑,金,句,肯
57,光,颌,还,几,键,津,具,啃
57,广,和,环,己,箭,仅,俱,坑
57,逛,荷,缓,挤,江,尽,剧,空
57,归,喝,换,脊,将,紧,据,孔
57,硅,黑,唤,计,浆,尽,距,空
57,鬼,很,患,记,讲,进,聚,口
57,贵,恨,荒,系,奖,近,捐,扣
57,桂,恒,慌,季,蒋,劲,圈,哭
57,跪,横,黄,剂,降,晋,卷,苦
57,滚,横,晃,济,将,浸,卷,库
57,郭,轰,晃,既,强,茎,圈,跨
57,锅,哄,灰,继,交,京,决,块
57,国,红,挥,祭,浇,经,角,快
57,果,洪,回,寄,胶,惊,觉,宽
57,裹,哄,毁,加,教,晶,绝,款
57,过,哄,会,夹,焦,精,嚼,筐
57,哈,后,绘,家,嚼,鲸,军,狂
57,还,厚,婚,夹,角,井,均,矿
57,海,候,混,甲,脚,颈,君,亏
57,害,乎,魂,钾,搅,景,菌,捆
57,含,和,混,假,叫,劲,卡,困
57,寒,弧,和,价,觉,径,开,阔
57,喊,胡,活,架,校,净,看,拉
57,汉,壶,火,假,较,竟,砍,拉
57,汗,湖,或,嫁,教,敬,看,落
57,旱,虎,和,尖,皆,静,扛,蜡
58,来,链,龙,买,秒,囊,潘,颇
58,赖,良,笼,迈,妙,脑,攀,迫
58,兰,凉,拢,麦,庙,闹,盘,破
58,栏,梁,笼,卖,灭,内,判,扑
58,蓝,量,弄,脉,民,嫩,盼,铺
58,烂,粮,搂,蛮,名,能,旁,谱
58,狼,两,楼,瞒,明,泥,胖,铺
58,浪,亮,搂,满,鸣,拟,抛,七
58,捞,凉,漏,慢,命,你,泡,期
58,劳,辆,露,忙,摸,逆,炮,漆
58,牢,量,炉,猫,模,年,跑,齐
58,老,了,卤,毛,膜,念,泡,其
58,落,料,鲁,冒,摩,娘,炮,奇
58,乐,咧,陆,帽,磨,鸟,胚,骑
58,累,列,录,没,抹,尿,陪,旗
58,雷,猎,鹿,枚,末,捏,配,起
58,累,裂,路,眉,没,您,喷,气
58,泪,邻,露,梅,抹,宁,盆,弃
58,类,林,驴,煤,莫,拧,彭,砌
58,累,临,旅,酶,墨,凝,棚,器
58,冷,淋,铝,每,磨,拧,捧,卡
58,愣,磷,缕,美,谋,宁,碰,千
58,离,灵,律,镁,某,拧,批,迁
58,梨,铃,率,闷,母,牛,披,牵
58,犁,零,绿,门,亩,扭,皮,铅
58,礼,龄,氯,闷,木,农,脾,前
58,李,令,滤,蒙,目,浓,匹,钱
58,里,岭,卵,蒙,墓,脓,偏,潜
58,理,领,乱,猛,幕,弄,篇,浅
58,力,另,略,蒙,拿,怒,片,遣
58,历,令,轮,孟,哪,女,骗,欠
58,立,溜,论,梦,那,暖,飘,嵌
58,利,刘,罗,迷,纳,欧,票,枪
58,例,留,络,谜,钠,偶,贫,腔
58,粒,流,落,米,乃,扒,品,强
58,俩,硫,抹,密,奶,爬,平,墙
58,连,瘤,麻,蜜,耐,怕,评,抢
58,联,柳,马,棉,男,拍,凭,强
58,脸,六,码,免,南,排,屏,敲
58,练,陆,骂,面,难,牌,瓶,桥
58,炼,溜,埋,苗,难,派,坡,瞧
59,巧,,,,,,,
59,壳,嚷,沙,甚,守,寺,痰,挺
59,切,让,纱,升,首,似,叹,通
59,且,绕,砂,生,受,松,探,同
59,切,惹,傻,声,授,宋,碳,铜
59,侵,热,色,绳,兽,送,汤,统
59,亲,人,晒,省,瘦,艘,唐,桶
59,秦,仁,山,圣,书,苏,堂,筒
59,琴,任,扇,胜,梳,俗,塘,通
59,勤,忍,闪,盛,疏,素,糖,痛
59,青,认,单,剩,输,速,躺,偷
59,轻,任,扇,失,熟,宿,烫,头
59,氢,扔,扇,师,属,酸,趟,投
59,倾,仍,伤,诗,鼠,算,掏,透
59,清,日,商,施,数,虽,逃,凸
59,情,容,上,湿,术,隋,桃,突
59,请,溶,赏,十,束,随,陶,图
59,穷,熔,上,石,述,遂,讨,徒
59,秋,揉,尙,时,树,髓,套,涂
59,求,肉,烧,识,竖,岁,特,土
59,球,如,梢,实,数,遂,疼,吐
59,区,乳,稍,拾,刷,碎,藤,吐
59,曲,入,少,食,耍,穗,踢,团
59,驱,软,少,史,摔,孙,提,推
59,趋,若,舌,使,甩,缩,题,腿
59,渠,弱,折,始,率,所,体,退
59,曲,撒,蛇,士,拴,索,替,托
59,取,洒,舍,氏,双,锁,天,拖
59,娶,撒,设,示,霜,他,添,脱
59,去,鳃,社,世,谁,它,田,挖
59,圈,塞,舍,市,水,她,甜,瓦
59,权,塞,射,式,税,塔,填,歪
59,全,赛,摄,事,睡,踏,挑,外
59,泉,三,谁,势,顺,胎,条,弯
59,拳,伞,伸,试,说,台,调,完
59,劝,散,身,视,司,抬,挑,玩
59,缺,散,参,是,丝,太,跳,挽
59,却,扫,深,适,私,态,贴,晚
59,确,色,神,室,思,摊,铁,碗
59,群,塞,沈,收,斯,滩,厅,万
59,燃,僧,婶,熟,死,谈,听,汪
60,亡,舞,献,形,芽,医,映,源
60,王,勿,腺,型,亚,依,硬,远
60,网,务,乡,省,咽,仪,拥,怨
60,往,物,相,醒,烟,宜,永,院
60,忘,误,香,兴,严,移,涌,愿
60,旺,恶,箱,性,言,遗,用,曰
60,望,雾,降,姓,岩,疑,优,约
60,微,西,享,凶,炎,乙,尤,月
60,为,吸,响,兄,沿,已,由,乐
60,围,息,想,胸,盐,以,犹,跃
60,唯,稀,向,雄,眼,矣,油,越
60,惟,锡,项,熊,演,蚁,铀,粤
60,伪,习,相,修,厌,倚,游,云
60,尾,席,象,宿,咽,亿,友,匀
60,纬,洗,像,臭,验,义,有,运
60,卫,喜,削,袖,秧,艺,又,韵
60,为,戏,消,宿,扬,议,右,扎
60,未,系,销,绣,羊,亦,幼,杂
60,位,细,小,嗅,阳,异,于,砸
60,味,虾,校,须,杨,役,予,载
60,胃,瞎,笑,虚,洋,译,余,再
60,谓,狭,效,需,仰,易,鱼,在
60,喂,下,些,徐,养,益,渔,载
60,魏,吓,歇,许,氧,意,与,咱
60,温,夏,邪,序,样,翼,予,暂
60,文,仙,斜,畜,约,因,羽,脏
60,纹,先,鞋,悬,要,阴,雨,脏
60,闻,鲜,写,旋,腰,音,语,葬
60,吻,闲,血,选,摇,银,玉,藏
60,稳,弦,泄,旋,咬,引,育,遭
60,问,咸,谢,削,药,饮,域,糟
60,窝,衔,解,穴,要,隐,欲,早
60,我,嫌,蟹,学,也,印,遇,藻
60,卧,显,心,雪,野,饮,愈,灶
60,握,险,锌,血,业,应,元,造
60,屋,鲜,新,寻,叶,英,园,则
60,无,县,信,训,页,鹰,员,责
60,吾,现,兴,压,夜,迎,袁,贼
60,吴,限,星,押,液,营,原,怎
60,五,线,刑,鸭,一,影,圆,曾
60,武,陷,行,牙,衣,应,缘,增
61,扎,,,,,,,
61,炸,丈,振,知,置,逐,桩,奏
61,眨,仗,震,肢,中,主,装,租
61,炸,账,镇,织,终,煮,壮,足
61,摘,账,争,直,钟,属,状,族
61,窄,胀,征,值,肿,助,撞,阻
61,债,涨,挣,职,种,住,幢,组
61,寨,招,睁,植,中,注,追,祖
61,占,着,蒸,殖,众,驻,准,钻
61,沾,朝,整,止,种,柱,捉,钻
61,粘,着,正,只,重,祝,桌,嘴
61,盏,找,证,纸,州,著,着,最
61,展,赵,郑,指,周,筑,资,罪
61,占,照,政,至,轴,抓,子,醉
61,战,遮,挣,志,皱,专,紫,尊
61,站,折,症,制,朱,砖,自,左
61,张,者,之,质,珠,转,字,作
61,章,这,支,治,株,传,宗,坐
61,长,针,只,致,诸,转,总,座
61,涨,真,汁,智,猪,赚,纵,做
61,哀,柏,刨,碧,泊,杈,抻,雏
61,癌,扳,豹,蔽,铂,茬,辰,橱
61,艾,斑,暴,弊,脖,杈,晨,储
61,碍,扮,爆,壁,博,岔,衬,揣
61,庵,拌,卑,敝,搏,刹,丞,踹
61,黯,绊,悲,贬,膊,搀,惩,疮
61,昂,邦,碑,匾,箔,掺,橙,捶
61,鳌,梆,钡,辩,帛,馋,逞,醇
61,袄,绑,崩,辫,跛,禅,嗤,蠢
61,拗,榜,绷,膘,卜,蝉,痴,戳
61,傲,膀,泵,憋,埠,铲,斥,瓷
61,奥,蚌,迸,鳖,簿,颤,春,祠
61,澳,傍,绷,瘪,裁,昌,宠,慈
61,疤,磅,鄙,滨,睬,偿,仇,葱
61,靶,苞,币,鬓,餐,畅,绸,醋
61,坝,胞,毕,禀,惨,倡,稠,蹿
61,耙,剥,毙,钵,苍,钞,筹,攒
61,霸,雹,痹,播,策,彻,厨,崔
61,掰,堡,辟,驳,蹭,澈,锄,摧
62,脆,鼎,妃,柑,郝,姬,绞,倦
62,啐,锭,吠,革,禾,吉,娇,绢
62,翠,董,沸,阁,贺,疾,剿,撅
62,皴,栋,酚,膈,赫,辑,缴,诀
62,搓,陡,坟,葛,褐,瘠,轿,掘
62,撮,痘,焚,庚,鹤,纪,窖,厥
62,挫,窦,愤,羹,壑,戟,阶,蕨
62,锉,督,枫,埂,痕,麂,秸,爵
62,逮,犊,疯,耿,狠,寂,揭,攫
62,贷,赌,逢,梗,衡,暨,劫,倔
62,逮,睹,讽,躬,烘,髻,洁,钧
62,丹,镀,风,龚,虹,冀,捷,俊
62,掸,缎,孵,贡,侯,忌,竭,郡
62,旦,煅,敷,勾,喉,荚,介,峻
62,裆,锻,弗,垢,吼,颊,诫,咯
62,荡,兑,拂,估,糊,奸,巾,揩
62,档,墩,氟,孤,唬,歼,筋,刊
62,捣,囤,俘,寡,桦,坚,禁,堪
62,蹈,炖,符,卦,淮,监,襟,坎
62,盗,钝,辐,乖,槐,煎,锦,康
62,澄,盾,甫,罐,欢,荐,谨,糠
62,凳,踱,抚,鬼,幻,贱,靳,烤
62,堤,垛,俯,规,皇,涧,禁,柯
62,笛,剁,辅,轨,簧,舰,荆,磕
62,嫡,垛,缚,柜,谎,谏,睛,渴
62,蒂,舵,覆,棍,辉,腱,警,垦
62,缔,堕,概,氦,徽,溅,竞,恐
62,掂,跺,甘,骇,悔,姜,窘,控
62,滇,扼,竿,蚶,汇,僵,纠,抠
62,颠,腭,秆,憨,恵,缰,揪,叩
62,巅,鄂,擀,函,喙,疆,灸,寇
62,典,饵,赣,韩,慧,桨,厩,枯
62,奠,乏,缸,罕,昏,匠,拘,窟
62,佃,伐,岗,焊,荤,绛,驹,裤
62,殿,阀,杠,憾,浑,酱,桔,夸
62,貂,筏,羔,杭,豁,犟,菊,垮
62,刁,帆,膏,航,伙,郊,矩,挎
62,叼,烦,篙,毫,祸,娇,拒,旷
62,碟,贩,糕,豪,惑,椒,惧,况
62,蝶,仿,镐,壕,霍,跤,锯,框
62,叮,纺,膏,嚎,饥,礁,距,眶
63,盔,敛,抡,闽,叛,普,寝,腮
63,窥,恋,捋,铭,畔,堡,沁,桑
63,奎,晾,锣,谬,膀,瀑,卿,嗓
63,溃,撩,箩,摹,庞,沏,晴,搔
63,愧,辽,螺,魔,刨,戚,擎,骚
63,坤,疗,裸,沫,袍,欺,顷,缫
63,扩,聊,洛,默,培,祈,庆,臊
63,括,撩,摞,眸,赔,畦,磬,臊
63,廓,燎,鳗,牧,裴,棋,琼,涩
63,腊,燎,螨,募,佩,鳍,邱,瑟
63,辣,撂,曼,暮,蓬,启,仇,刹
63,癞,廖,蔓,穆,硼,迄,囚,煞
63,拦,劣,漫,娜,篷,汽,裘,煞
63,篮,烈,盲,捺,坯,泣,屈,筛
63,览,拎,蟒,氖,劈,契,祛,杉
63,揽,霖,矛,挠,疲,掐,蛆,衫
63,缆,鳞,锚,恼,劈,洽,躯,陕
63,懒,伶,卯,尼,癖,恰,趣,禅
63,滥,凌,铆,倪,屁,扦,蜷,膳
63,郎,陵,貌,腻,辟,签,犬,晌
63,廊,錿,媒,溺,漂,乾,券,捎
63,烙,绺,霉,拈,朴,黔,瘸,勺
63,涝,錿,昧,蔫,瓢,纤,雀,哨
63,勒,聋,媚,黏,漂,歉,阙,涉
63,勒,陇,萌,捻,瞟,呛,裙,赦
63,擂,垄,盟,碾,撇,呛,饶,麝
63,镭,篓,猛,撵,瞥,跷,扰,申
63,垒,陋,眯,廿,撇,锹,刃,砷
63,肋,卢,弥,酿,拼,乔,荣,审
63,擂,颅,觅,聂,频,翘,绒,渗
63,棱,虏,秘,啮,聘,俏,融,慎
63,厘,掳,幂,镍,坪,窍,柔,笙
63,锂,禄,眠,孽,萍,翘,儒,尸
63,鲤,麓,绵,拗,泊,撬,汝,什
63,吏,吕,勉,奴,泼,鞘,辱,蚀
63,隶,捋,描,挪,魄,妾,蕊,矢
63,怜,屡,瞄,呕,剖,怯,锐,驶
63,帘,履,渺,藕,仆,窃,瑞,屎
63,莲,虑,蔑,趴,仆,禽,闰,仕
63,廉,峦,皿,耙,圃,擒,仨,侍
63,镰,掠,抿,帕,浦,噙,卅,饰
64,拭,绥,拓,膝,腥,檐,瘾,猿
64,恃,损,洼,袭,邢,衍,婴,苑
64,逝,笋,蛙,铣,幸,掩,膺,岳
64,舐,梭,袜,匣,休,砚,盈,阅
64,嗜,塌,剜,峡,羞,艳,萤,悦
64,誓,拓,湾,辖,朽,宴,蝇,晕
64,噬,塌,丸,霞,秀,堰,赢,允
64,螫,汰,皖,纤,锈,雁,痈,孕
64,寿,钛,腕,掀,戌,焰,壅,晕
64,售,泰,蔓,贤,嘘,燕,咏,
64,枢,贪,枉,涎,叙,佯,泳,咂
64,舒,坛,妄,霰,绪,痒,勇,灾
64,孰,谭,危,厢,续,漾,蛹,哉
64,赎,潭,威,湘,絮,妖,忧,宰
64,暑,炭,韦,镶,蓄,邀,邮,崽
64,署,淌,违,详,宣,尧,酉,攒
64,蜀,涛,维,祥,玄,姚,佑,赞
64,恕,淘,伟,翔,癣,窑,诱,凿
64,衰,梯,苇,饷,靴,瑶,釉,枣
64,帅,啼,委,巷,薛,舀,迂,澡
64,栓,蹄,萎,肖,熏,耀,淤,噪
64,涮,剃,畏,萧,薰,掖,俞,燥
64,爽,舔,瘟,箫,循,噎,隅,躁
64,吮,帖,翁,潇,旬,冶,逾,择
64,舜,帖,瓮,晓,巡,曳,榆,泽
64,撕,廷,涡,孝,讯,掖,虞,仄
64,祀,亭,乌,肖,汛,腋,愚,憎
64,饲,艇,巫,啸,迅,伊,禹,赠
64,俟,佟,毋,楔,驯,夷,郁,轧
64,嗣,捅,午,协,逊,姨,狱,闸
64,耸,途,伍,胁,崖,忆,浴,铡
64,讼,屠,捂,挟,哑,抑,谕,乍
64,诵,蜕,悟,偕,雅,邑,喻,诈
64,颂,褪,晤,携,轧,疫,寓,榨
64,搜,吞,夕,泻,焉,逸,豫,斋
64,酥,屯,兮,卸,淹,溢,御,宅
64,诉,囤,昔,屑,腌,殷,誉,毡
64,粟,臀,悉,械,燕,吟,冤,瞻
64,塑,驮,惜,芯,延,淫,渊,斩
64,溯,驼,溪,辛,阎,寅,垣,蘸
64,蒜,妥,熄,薪,颜,尹,援,障
65,杖,浙,脂,忠,骤,撰,卓,
65,昭,蔗,执,盅,诛,篆,浊,
65,爪,贞,侄,冢,烛,妆,酌,
65,召,珍,旨,仲,拄,椎,啄,
65,兆,砧,址,舟,嘱,锥,姿,
65,诏,斟,趾,洲,贮,坠,兹,
65,罩,臻,帜,粥,蛀,缀,滋,
65,哲,诊,炙,肘,铸,赘,籽,
65,辙,枕,掷,咒,爪,拙,渍,
65,褶,朕,稚,昼,拽,灼,,
65,阿姨,摆动,包装,悲惨,笔记,变量,,
65,爱国,摆脱,孢子,悲剧,笔者,变迁,,
65,爱好,颁布,饱和,北方,必定,变态,,
65,爱护,搬家,宝贝,背后,必然,变形,,
65,爱情,搬运,宝贵,背景,必然性,变异,,
65,安定,板凳,宝石,被动,,便利,,
65,安静,板块,保持,被告,必须,便于,,
65,安排,办法,保存,奔跑,必需,辨别,,
65,安培,办公室,保管,本地,必要,辨认,,
65,安全,,保护,本来,毕竟,辩护,,
65,安慰,办理,保留,本领,毕业,辩证,,
65,安心,办事,保守,本能,闭合,辩证法,,
65,安置,半导体,保卫,本人,壁画,,,
65,安装,,保险,本身,避免,标本,,
65,氢氨酸,半岛,保障,本事,边疆,标题,,
65,,半径,保证,本体,边界,标语,,
65,按照,半天,报道,本性,边境,标志,,
65,案件,半夜,报告,本质,边区,标准,,
65,暗示,扮演,报刊,崩溃,边缘,标准化,,
65,暗中,伴随,报名,鼻孔,编辑,,,
65,奥秘,伴奏,报纸,比价,编写,表层,,
65,奥运会,帮忙,暴动,比较,编制,表达,,
65,,帮助,暴力,比例,变动,表面,,
65,把握,榜样,暴露,比如,变法,表明,,
65,罢工,傍晚,暴雨,比赛,变革,表皮,,
65,白色,包含,爆发,比喻,变更,表情,,
65,百年,包括,爆炸,比重,变化,表示,,
65,百姓,包围,悲哀,彼此,变换,表述,,
66,表现,,,,,,,
66,表象,不服,部队,层次,潮流,城市,,
66,表演,不够,部落,曾经,潮湿,城镇,,
66,表扬,不顾,部门,差别,车间,乘机,,
66,表彰,不管,部署,差价,车辆,乘客,,
66,冰川,不光,部位,差距,车厢,程度,,
66,兵力,不过,才能,差异,车站,程式,,
66,并且,不合,材料,产地,彻底,程序,,
66,并用,不及,财产,产量,撤销,惩罚,,
66,病变,不禁,财富,产品,沉淀,吃饭,,
66,病毒,不仅,财力,产生,沉积,吃惊,,
66,病理,不久,财务,产物,沉默,吃力,,
66,病情,不堪,财政,产业,沉思,池塘,,
66,病人,不可,采访,产值,沉重,持久,,
66,波长,不快,采购,阐明,沉着,持续,,
66,波动,不利,采集,阐述,陈旧,尺度,,
66,波浪,不良,采取,颤抖,陈述,赤道,,
66,剥夺,不料,采用,长城,称号,翅膀,,
66,剥削,不论,彩色,,称赞,冲动,,
66,播种,不满,参观,长度,成本,冲击,,
66,播种,不免,参加,长短,成虫,冲破,,
66,博士,不怕,参考,,,冲突,,
66,搏斗,不平,参谋,长久,成功,充当,,
66,薄弱,不然,参数,长期,成果,,,
66,补偿,不容,参与,长远,成绩,充分,,
66,补充,不如,参照,长征,成就,充满,,
66,补贴,不时,残酷,,成立,充实,,
66,捕捞,不惜,残余,尝试,成年,充足,,
66,捕食,不想,灿烂,常规,成人,重复,,
66,捕捉,不行,仓库,常年,成熟,重合,,
66,不安,不幸,苍白,常识,成为,重新,,
66,不必,不许,操纵,常数,成效,崇拜,,
66,不便,不要,操作,厂房,成语,崇高,,
66,不曾,不宜,草案,场地,成员,抽象,,
66,不错,不已,草地,场合,成长,仇恨,,
66,不但,不用,草原,场面,,出版,,
66,不当,不止,侧面,场所,呈现,出产,,
66,不等,不足,侧重,超出,诚恳,出发,,
66,不定,布局,测定,超额,承包,出发点,,
66,不断,布置,测量,超过,承担,出国,,
66,不对,步伐,测验,超越,承认,出口,,
67,出路,船只,从中,大陆,待遇,当做,,
67,出卖,串联,粗糙,大妈,逮捕,档案,,
67,出门,创伤,促成,大门,担负,导弹,,
67,出色,,促进,大脑,担任,导管,,
67,出身,窗口,促使,大娘,担心,导体,,
67,出生,创办,摧残,大炮,单纯,导线,,
67,出售,创立,摧毁,大气,单调,导演,,
67,出土,创新,村庄,大庆,单独,导致,,
67,出席,创造,,大人,单位,岛屿,,
67,出现,创造性,存款,大嫂,单一,倒霉,,
67,出血,,存在,大厦,但是,到处,,
67,初步,创作,挫折,大师,诞生,到达,,
67,初级,垂直,措施,大事,淡水,到底,,
67,初期,春季,达到,大叔,蛋白,到来,,
67,初中,春节,答案,大体,蛋白质,盗窃,,
67,除非,春秋,打败,大厅,,道德,,
67,厨房,春天,打倒,大王,当场,道教,,
67,处罚,纯粹,打击,大小,,道路,,
67,处分,纯洁,打架,大型,当初,稻谷,,
67,处境,词典,打开,大学,当代,得到,,
67,处理,词汇,打破,大学生,当地,得以,,
67,处于,词义,打下,,当即,得意,,
67,储备,词语,打仗,大洋,当今,德育,,
67,储存,词组,大伯,大爷,当局,灯光,,
67,储量,辞职,大臣,大衣,当年,,,
67,储蓄,磁场,大胆,大雨,当前,登记,,
67,穿着,磁力,大地,大约,当然,等待,,
67,传播,磁铁,大豆,大战,当时,等到,,
67,传达,此地,大队,大致,当事人,等候,,
67,传导,此后,大多,大众,,等级,,
67,传递,此刻,大多数,大自然,当选,等于,,
67,传教主,此外,,代表,当中,低级,,
67,,次数,大风,代价,,低头,,
67,传染病,次序,大概,代理,党委,低温,,
67,,次要,大纲,代理人,党性,低下,,
67,传授,从此,大哥,代替,党员,的确,,
67,传说,从而,大会,代谢,当成,敌对,,
67,传统,从来,大家,带动,,敌人,,
67,船舶,从前,大街,带领,当年,抵抗,,
67,船长,从事,大姐,带头,当时,抵制,,
67,,从小,大量,贷款,当天,底层,,
68,地板,电力,东欧,对流,发音,方案,,
68,地表,电量,东西,对面,发育,方便,,
68,地步,电流,冬季,对手,发展,方才,,
68,地层,电路,冬天,对象,发作,方程,,
68,地带,电脑,动词,对应,罚款,方法,,
68,地点,电能,动机,对于,法定,方法论,,
68,地方,电器,动力,对照,法官,,,
68,地理,电容,动量,顿时,法规,方面,,
68,地貌,电视,动脉,多边形,法令,方式,,
68,地面,电视剧,动能,,法律,方向,,
68,地壳,,动人,多余,法人,方言,,
68,地球,电视台,动手,夺取,法庭,方针,,
68,地区,,动态,恶化,法西斯,防御,,
68,地势,电台,动物,恶劣,法学,防止,,
68,地图,电线,动摇,儿女,法院,防治,,
68,地位,电压,动员,儿童,法则,妨碍,,
68,地下,电影,动作,而后,法制,房间,,
68,地下水,电源,斗争,而且,翻身,房屋,,
68,,电子,都会,饵料,翻译,仿佛,,
68,地形,电阻,都市,发表,凡是,访问,,
68,地域,淀粉,毒素,发病,烦恼,纺织,,
68,地震,奠定,独立,发布,繁多,放大,,
68,地质,雕刻,独特,发出,繁荣,放弃,,
68,地主,雕塑,独占,发达,繁殖,放射,,
68,地租,调拨,独自,发电,繁重,放射性,,
68,弟子,调查,读书,发动,反动,,,
68,帝国,调动,读者,发动机,反对,放松,,
68,典型,顶点,肚皮,发抖,反而,放心,,
68,点燃,顶端,端正,发挥,反复,飞船,,
68,点头,订货,短期,发觉,反抗,飞机,,
68,电报,定额,短暂,发掘,反馈,飞快,,
68,电场,定理,断定,发明,反面,飞翔,,
68,电池,定量,锻炼,发起,反射,飞行,,
68,电磁,定侓,堆积,发热,反应,飞跃,,
68,电磁波,定期,对比,发射,反映,非常,,
68,,定向,对称,发生,反之,非法,,
68,电灯,定型,对待,发现,返回,肥料,,
68,电动,定义,对方,发行,犯罪,废除,,
68,电荷,东北,对话,发芽,饭店,沸腾,,
68,电话,东方,对抗,发言,范畴,分辨,,
68,电离,东南,对立,发扬,范围,分别,,
69,分布,佛教,富裕,钢琴,根据,公元,,
69,分成,否定,覆盖,钢铁,根据地,公园,,
69,分割,否认,改编,岗位,根系,公正,,
69,分工,否则,改变,港口,根源,,,
69,分化,夫妇,改革,高产,跟随,公主,,
69,分解,夫妻,改进,高潮,更新,功课,,
69,分开,孵化,改良,高大,耕地,功率,,
69,分类,伏特,改善,高等,耕作,功能,,
69,分离,服从,改造,高低,更加,攻击,,
69,分裂,服务,改正,高地,工厂,供给,,
69,分泌,服务员,改组,高度,,供求,,
69,分明,,概括,高级,工场,供应,,
69,分配,服装,概率,高空,,宫廷,,
69,分歧,俘虏,概念,高尚,工程,巩固,,
69,分散,浮动,干脆,高速,工程师,共产党,,
69,分析,浮游,干旱,高温,,,,
69,分支,符号,干扰,高校,工地,共和国,,
69,分子,符合,干涉,高兴,工会,,,
69,粉末,幅度,干预,高压,工具,共鸣,,
69,粉碎,辐射,干燥,高原,工商业,共同,,
69,分子,福利,甘心,高涨,,贡献,,
69,奋斗,抚摸,肝脏,高中,工业,勾结,,
69,愤怒,辅助,赶紧,告别,工业化,沟通,,
69,丰富,腐败,赶快,歌唱,,构成,,
69,丰收,腐蚀,赶忙,歌剧,工艺,构思,,
69,风暴,腐朽,敢于,歌曲,工资,构造,,
69,风格,父母,感到,歌声,工作,购买,,
69,风光,付出,感动,歌颂,公安,购销,,
69,风景,负担,感官,歌舞,公布,估计,,
69,风力,负责,感觉,革命,公共,孤独,,
69,风气,妇女,感慨,革新,公开,孤立,,
69,风俗,附加,感情,格外,公理,古代,,
69,风速,附近,感染,隔壁,公路,古典,,
69,风险,附着,感受,隔离,公民,古老,,
69,风雨,复辟,感谢,个别,公认,古人,,
69,封闭,复合,感性,个人,公社,股票,,
69,封建,复杂,感应,个体,公式,骨干,,
69,封锁,复制,感知,个性,公司,骨骼,,
69,疯狂,副业,干部,各自,公有,鼓吹,,
69,讽刺,赋予,刚才,给以,公有制,鼓励,,
69,奉献,富有,纲领,根本,,鼓舞,,
70,固然,光芒,国营,好比,红旗,,,
70,固体,,国有,好多,红色,化石,,
70,固有,光明,果断,好看,宏观,化学,,
70,故乡,,果然,好人,宏伟,划分,,
70,故意,光谱,果实,好事,洪水,画家,,
70,顾客,光荣,果树,好听,后代,画面,,
70,顾虑,光线,过程,好像,后方,话剧,,
70,顾问,光学,过度,好转,后果,话题,,
70,关闭,光源,过渡,号召,后悔,话筒,,
70,关怀,光泽,过分,好奇,后来,话语,,
70,关键,光照,过后,好事,后期,怀抱,,
70,关节,广播,过年,耗费,后人,怀念,,
70,关联,广场,过去,合并,后世,怀疑,,
70,关心,,过于,合成,后天,坏人,,
70,关于,广大,海岸,合法,厚度,欢乐,,
70,关注,广泛,海拔,合格,呼喊,欢喜,,
70,观测,广告,海带,合乎,呼唤,欢迎,,
70,观察,广阔,海关,合金,呼吸,还原,,
70,观点,广义,海军,合理,呼吁,环节,,
70,观看,归结,海面,合力,忽略,环境,,
70,观念,归来,海区,合适,忽然,环流,,
70,观众,归纳,海外,合作,忽视,缓和,,
70,,规定,海湾,合作社,湖泊,缓慢,,
70,官兵,规范,海洋,,蝴蝶,幻觉,,
70,官吏,规格,海域,何必,互补,幻想,,
70,官僚,规划,害虫,何等,互相,唤起,,
70,官员,规律,害怕,何况,互助,患者,,
70,管道,规模,含量,何以,户口,皇帝,,
70,管理,规则,含义,和平,花朵,黄昏,,
70,管辖,轨道,函数,和谐,花粉,黄金,,
70,贯彻,贵族,寒冷,河流,花色,黄色,,
70,贯穿,国防,罕见,核算,花生,黄土,,
70,冠军,国会,汉奸,核心,花纹,灰尘,,
70,惯性,国际,汉语,黑暗,花园,灰色,,
70,灌溉,国家,汉字,黑人,华北,恢复,,
70,光彩,国民,汗水,黑夜,华侨,辉煌,,
70,光滑,国情,行列,痕迹,滑动,回避,,
70,光辉,国土,行业,恒星,化肥,回顾,,
70,光景,国王,航海,横向,化工,回答,,
70,光亮,国务院,航空,衡量,化合,回归,,
70,,,航行,红军,化合物,回头,,
71,回忆,肌肉,几何,加深,减轻,交谈,,
71,毁灭,积极,济济,加速,减弱,交替,,
71,汇报,积极性,给予,加速度,减少,交通,,
71,会场,积累,计划,加以,简称,交往,,
71,会见,积压,计算,加重,简单,交易,,
71,会议,基本,计算机,家畜,简化,交织,,
71,会员,基层,记录,家人,简直,郊区,,
71,绘画,基础,记忆,家属,见解,骄傲,,
71,婚礼,基地,记载,家庭,见面,教学,,
71,婚姻,基督教,记者,家务,间隔,焦点,,
71,浑身,基建,记录,家乡,间接,焦急,,
71,混合,基金,纪律,家长,建国,角度,,
71,混乱,基因,纪念,家族,建立,角落,,
71,混淆,基于,技能,甲板,建设,脚步,,
71,活力,畸形,技巧,假定,建议,脚下,,
71,活跃,激动,技术,假如,建造,脚印,,
71,火柴,激发,技术员,假设,建筑,叫做,,
71,火车,激光,技艺,假使,健康,较为,,
71,火光,激励,季风,假说,健全,教材,,
71,火箭,激烈,季节,价格,健壮,教导,,
71,火山,激情,既然,价值,渐渐,教会,,
71,火星,激素,既是,驾驶,鉴别,教练,,
71,火焰,及时,继承,嫁接,鉴定,教师,,
71,伙伴,极端,继承人,尖锐,江南,教室,,
71,或许,极力,,歼灭,将近,教授,,
71,或者,极其,继续,坚持,将军,教堂,,
71,货币,极为,祭祀,坚定,将来,教学,,
71,货物,即将,寄生,坚固,将要,教训,,
71,获得,即使,寄生虫,坚决,讲话,教养,,
71,获取,急剧,,坚强,讲述,教义,,
71,几乎,急忙,寄托,坚实,奖金,教育,,
71,饥饿,急性,寄主,坚硬,奖励,教员,,
71,机场,急需,寂静,肩膀,降低,阶层,,
71,机车,急于,寂寞,艰巨,降落,阶段,,
71,机构,疾病,加工,艰苦,降水,阶级,,
71,机关,集合,加紧,艰难,交叉,结果,,
71,机能,集会,加剧,监督,交错,接触,,
71,机体,集体,加快,监视,交代,接待,,
71,机械,集团,加强,监狱,交换,接近,,
71,机械化,集中,加热,检查,交际,接连,,
71,机制,集资,加入,检验,交流,接收,,
72,接受,今后,经典,究竟,觉察,刊物,,
72,揭露,今年,经费,酒精,觉悟,勘探,,
72,揭示,今日,经过,救国,绝对,看待,,
72,街道,今天,经济,救济,绝望,看法,,
72,街头,金额,经理,就是,军队,看望,,
72,节目,金刚石,经历,就算,军阀,抗议,,
72,节日,,经受,就业,军官,抗战,,
72,节省,金牌,经验,居民,军舰,考察,,
72,节约,金钱,经营,居然,军民,考古,,
72,节奏,金融,惊奇,居于,军区,考核,,
72,杰出,金属,惊人,居住,军人,考虑,,
72,洁白,尽管,惊喜,局部,军事,考试,,
72,结构,尽快,惊醒,局面,均衡,考验,,
72,结果,尽量,惊讶,局势,均匀,靠近,,
72,结合,紧急,惊异,局限,君主,科技,,
72,结婚,紧密,晶体,菊花,咖啡,科学,,
72,结晶,紧张,精力,咀嚼,开办,科学家,,
72,结局,锦标赛,精密,举办,开采,科学院,,
72,结论,,精确,举动,开除,,,
72,结束,谨慎,精神,举行,开创,科研,,
72,结算,尽力,精细,巨大,开发,颗粒,,
72,竭力,尽量,精心,拒绝,开放,可爱,,
72,姐妹,进步,精子,具备,开关,可见,,
72,解除,进程,景色,具体,开花,可靠,,
72,解答,进而,景物,具有,开会,可怜,,
72,解放,进攻,景象,剧本,开垦,可能,,
72,解放军,进化,警察,剧场,开口,可是,,
72,,进化论,警告,剧烈,开阔,可谓,,
72,解决,,警惕,剧团,开门,可惜,,
72,解剖,进军,径流,剧种,开幕,可笑,,
72,解散,进口,净化,据点,开辟,可以,,
72,解释,进取,竞赛,据说,开设,渴望,,
72,解脱,进入,竞争,距离,开始,克服,,
72,介绍,进行,竟然,聚集,开水,刻度,,
72,介质,进展,静脉,决策,开头,刻画,,
72,界限,近代,静止,决定,开拓,刻苦,,
72,借鉴,近来,境地,决定性,开玩笑,客观,,
72,借口,近似,境界,,,客气,,
72,借款,禁止,镜头,决心,开展,客体,,
72,借用,京剧,纠纷,决议,开支,客厅,,
72,借助,经常,纠正,角色,刊登,课本,,
73,课程,辣椒,理解,联盟,流传,落地,,
73,课堂,来回,理论,联系,流动,落后,,
73,课题,来临,理想,联想,流露,落实,,
73,肯定,来往,理性,联营,流氓,麻醉,,
73,空间,来信,理由,廉价,流派,马车,,
73,空军,来源,理智,脸色,流水,马路,,
73,空气,浪费,力气,练习,流体,马上,,
73,空前,浪花,力求,恋爱,流通,蚂蚁,,
73,空虚,劳动,力图,良好,流向,满意,,
73,空中,劳动力,力学,良心,流行,满足,,
73,孔雀,,历代,良种,流血,漫长,,
73,恐怖,劳动日,历来,两岸,流域,優性,,
73,恐慌,,历史,两边,硫酸,忙硬,,
73,恐惧,劳动者,立场,两极,垄断,盲目,,
73,恐怕,,立法,两旁,笼罩,茫然,,
73,空白,劳力,立即,量子,楼房,毛巾,,
73,控制,牢固,立刻,辽陶,陆地,矛盾,,
73,口号,老百姓,立体,了解,陆军,冒险,,
73,口腔,,利害,列车,陆续,贸易,,
73,口头,老板,利率,列举,路程,没事,,
73,口语,老大,利润,烈士,路过,眉头,,
73,苦难,老汉,利息,邻近,路线,媒介,,
73,苦恼,老虎,利益,林木,旅馆,煤炭,,
73,库存,老年,利用,林业,旅客,每年,,
73,夸张,老人,利于,临床,旅行,美感,,
73,快乐,老师,例如,临时,旅游,美好,,
73,快速,老乡,例外,淋巴,履行,美化,,
73,快要,乐观,粒子,灵感,律师,美丽,,
73,宽大,雷达,连队,灵魂,绿化,美妙,,
73,宽阔,泪水,连接,灵活,氯气,美术,,
73,况且,类似,连结,灵敏,卵巢,美学,,
73,矿产,类型,连忙,零件,掠夺,美元,,
73,矿物,冷静,连同,零售,伦理,魅力,,
73,亏损,冷却,连续,领导,轮船,门口,,
73,昆虫,冷水,莲子,领会,轮廓,萌发,,
73,困境,冷笑,联邦,领事,轮流,萌芽,,
73,扩大,离婚,联合,领土,论点,猛烈,,
73,扩散,离开,联合国,领袖,论述,弥补,,
73,扩展,离子,,领域,论文,弥漫,,
73,扩张,礼貌,联结,另外,论证,迷人,,
73,蜡烛,礼物,联络,留学,螺旋,迷信,,
74,秘密,命运,难于,农药,配合,平行,,
74,秘书,模范,内部,农业,配套,平原,,
74,密度,模仿,内地,农作物,配置,评价,,
74,密集,模拟,内涵,,盆地,评论,,
74,密切,模式,内容,浓度,蓬勃,评选,,
74,蜜蜂,模型,内外,浓厚,膨胀,苹果,,
74,免疫,摩擦,内心,奴隶,批发,凭借,,
74,勉强,末期,内在,奴役,批判,屏幕,,
74,面积,没落,内脏,努力,批评,迫害,,
74,面孔,没收,能动,女儿,批准,迫切,,
74,面临,陌生,能够,女工,皮肤,迫使,,
74,面貌,默默,能力,女人,疲倦,破产,,
74,面目,模样,能量,女士,疲劳,破坏,,
74,面前,母体,能源,女性,譬如,破裂,,
74,描绘,木材,泥土,女子,偏见,剖面,,
74,描述,目标,年初,偶尔,偏偏,朴素,,
74,描写,目的,年代,偶然,偏向,普遍,,
74,灭亡,目光,年底,偶然性,片刻,普及,,
74,民兵,目前,年度,,片面,普通,,
74,民歌,哪些,年级,拍摄,拼命,普通话,,
74,民国,那些,年纪,排斥,贫困,,,
74,民间,那样,年间,排除,贫穷,凄凉,,
74,民事,纳入,年龄,排放,频繁,期待,,
74,民俗,纳税,年青,排列,频率,期货,,
74,民众,乃至,年轻,派出所,品德,期间,,
74,民主,耐心,宁静,,品质,期望,,
74,民族,男女,凝固,派遣,品种,期限,,
74,敏感,男人,凝结,判处,乒乓球,欺骗,,
74,敏捷,男性,凝聚,判定,,其次,,
74,敏锐,男子,凝视,判断,平常,其间,,
74,名称,南北,牛顿,判决,平等,期实,,
74,名词,南方,扭转,盼望,平凡,其他,,
74,名义,南极,农产品,庞大,平分,其余,,
74,明亮,难道,,旁边,平衡,其中,,
74,明年,难得,农场,抛弃,平静,奇怪,,
74,明确,难怪,,炮弹,平均,奇迹,,
74,明天,难过,农村,胚胎,平面,奇特,,
74,明显,难免,农户,培训,平民,奇异,,
74,命令,难受,农具,培养,平日,旗帜,,
74,命名,难题,农民,培育,平时,企图,,
75,命题,难以,农田,赔偿,平坦,企业,,
75,启发,前往,轻微,取消,热情,日前,,
75,启示,前夕,轻易,去年,热心,日趋,,
75,起初,前线,轻重,去世,人才,日夜,,
75,起点,潜力,氢气,趣味,人格,日益,,
75,起伏,潜在,倾听,权力,人工,荣誉,,
75,起码,强大,倾向,权利,人家,容量,,
75,起身,强盗,倾斜,权威,人间,容纳,,
75,起义,强调,倾晨,权益,人均,容器,,
75,起源,强度,清楚,全部,人口,溶剂,,
75,气愤,强化,清洁,全局,人类,溶解,,
75,气候,强烈,清理,全面,人力,溶液,,
75,气流,强制,清晰,全民,人民,熔点,,
75,气体,墙壁,清醒,全球,人民币,融合,,
75,气团,抢救,情报,全身,人群,柔和,,
75,气味,悄悄,情操,全体,人身,柔软,,
75,气温,桥梁,情感,缺点,人生,肉体,,
75,气息,巧妙,情节,缺乏,人士,如此,,
75,气象,切实,情景,缺少,人事,如果,,
75,气压,侵犯,情境,缺陷,人体,如何,,
75,气质,侵略,情况,确保,人为,如今,,
75,汽车,侵权,情趣,确定,人物,如同,,
75,汽油,侵人,请求,确立,人心,如下,,
75,契约,侵蚀,请示,确切,人性,儒家,,
75,器材,侵占,庆祝,确认,人员,入侵,,
75,器官,亲密,穷人,确实,人造,入手,,
75,恰当,亲切,秋季,群落,忍耐,入学,,
75,恰好,亲热,秋天,群体,忍受,若干,,
75,千方百计,亲人,求证,群众,认定,若是,,
75,,亲属,酋长,然而,认识论,弱点,,
75,千克,亲眼,区别,然后,,三角,,
75,迁移,亲友,区分,燃料,认为,三角形,,
75,铅笔,亲自,区域,燃烧,认真,,,
75,签订,勤劳,曲线,染色,任何,散射,,
75,前方,青春,曲折,染色体,任命,散文,,
75,前后,青年,驱逐,扰动,任意,散布,,
75,前进,青蛙,屈服,扰乱,仍旧,散步,,
75,前景,轻工业,趋势,热爱,仍然,散发,,
75,前期,,趋向,热带,日报,丧失,,
75,前人,轻声,渠道,热量,日常,扫荡,,
75,前提,轻视,取代,热烈,日记,色彩,,
75,前途,轻松,取得,热能,日期,森林,,
76,僧侣,上下,深入,声响,实力,事先,,
76,杀害,上学,深夜,,实例,事业,,
76,沙发,上衣,深远,声音,实施,势必,,
76,沙漠,上游,神话,牲畜,实体,势能,,
76,沙滩,上涨,神经,圣经,实物,试管,,
76,山地,,神秘,胜利,实现,试图,,
76,山峰,稍稍,神奇,盛行,实行,试验,,
76,山谷,稍微,神情,剩余,实验,试制,,
76,山林,少量,神色,尸体,实用,视觉,,
76,山路,少数,神圣,失败,实在,视线,,
76,山脉,少年,神态,失掉,实质,视野,,
76,山区,少女,神学,失去,食品,是非,,
76,山水,设备,审查,失调,食堂,是否,,
76,山头,设法,审美,失望,食物,适当,,
76,闪电,设计,审判,失误,食盐,适合,,
76,闪光,设立,甚至,失业,食用,适宜,,
76,闪烁,设施,渗透,师范,史学,适应,,
76,善良,设想,慎重,师长,使劲,适用,,
76,善于,设置,生产,诗歌,使命,逝世,,
76,伤害,社会,生产力,诗人,使用,释放,,
76,伤口,社会学,,诗意,始终,收购,,
76,伤心,,生成,施肥,士兵,收回,,
76,伤员,射击,,施工,氏族,收获,,
76,商标,射线,生存,施行,示范,收集,,
76,商店,涉及,生动,湿度,示威,收入,,
76,商品,摄影,生活,湿润,世代,收缩,,
76,商人,申请,生理,石灰,世纪,收益,,
76,商业,伸手,生命,石油,世界,收音机,,
76,上班,身边,生命力,时常,世界观,,,
76,上层,身材,,时代,,手臂,,
76,上帝,身后,生气,时而,市场,手表,,
76,上级,身躯,生前,时机,市民,手段,,
76,上课,身体,生态,时间,事变,手法,,
76,上空,身心,生物,时节,事故,手工,,
76,上山,身影,生意,时刻,事后,手工业,,
76,上升,深沉,生育,时空,事迹,,,
76,,深度,,,,,,
76,上市,深厚,长,时期,事例,手榴弹,,
76,上述,深化,生殖,识别,事实,,,
76,上述,深刻,声调,实际,事务,手枪,,
76,上午,深情,声明,实践,事物,手势,,
77,手术,衰变,思考,,,,,
77,手续    ,衰老    ,思 路      ,缩小       ,特 殊       ,天下       ,,
77,手掌         ,率领         ,思索       ,所属        ,特性        ,天真       ,,
77,手指       ,双方  ,思维       ,所谓        ,特意      ,天主教,,
77,守恒                    ,,思想          ,所以      ,特征                   ,,,
77,首都        ,水稻      ,思想家  ,所有        ,疼痛        ,田 地      ,,
77,首领       ,水分                     , ,所有制  ,提倡         ,田野      ,,
77,首先        ,水果       ,死 亡                   ,,提高       ,挑选      ,,
77,首要         ,水库        ,死刑        ,所在      ,提供        ,条件      ,,
77,首长     ,水利       ,四边形  ,他人       ,提炼      ,条款        ,,
77,寿命        ,水流                     ,,台风         ,提起      ,条例      ,,
77,受精        ,水面       ,四处       ,抬头       ,提前        ,条约       ,,
77,受伤         ,水泥        ,四面        ,太空       ,提 取      ,调和      ,,
77,狩猎       ,水平         ,四 肢       ,太平         ,提醒        ,调节       ,,
77,书包       ,水汽       ,四周     ,太阳能  ,提议      ,调解       ,,
77,书本      ,水手       ,寺 院                   , ,题材       ,调整        ,,
77,书籍       ,水位       ,似乎       ,太阳系  ,题目      ,挑战       ,,
77,书面       ,水文       ,饲料                    , ,体裁       ,跳动        ,,
77,书写       ,水银          ,饲养       ,谈话        ,体操       ,跳舞      ,,
77,抒情       ,水源   ,搜 集       ,谈论        ,体会       ,跳跃,,
77,舒适        ,水蒸气  ,俗称         ,谈判        ,体积   ,铁路    ,,
77,输出                   , ,诉讼       , 弹簧        ,体力     ,听话      ,,
77,输入      ,税收        ,素 材       ,弹性         ,体温       ,听觉       ,,
77,输送       ,睡 觉          ,素质       ,坦克       ,体系      ,听取      ,,
77,蔬菜       ,睡眠       ,速度      ,叹息       ,体现        ,听众         ,,
77,熟炼         ,顺利        ,速率      ,探测       ,体验       ,停顿       ,,
77,属性       ,顺手          ,宿舍       ,探索        ,体育      ,停留       ,,
77,属于       ,顺序       ,塑料         ,探讨       ,体制       ,停止       ,,
77,术语       ,瞬间  ,塑造      ,倘若,体质,通常       ,,
77,束缚,说服        ,虽然        ,逃避       ,体重        , 通道       ,,
77,树干      ,说话       ,虽 说      ,逃 跑      ,替代       ,通电        ,,
77,树立       ,说明        ,随便         ,逃走       ,天才        ,通过       ,,
77,树林        ,司法      ,随后       ,陶冶      ,天地       ,通红       ,,
77,树木       ,司机     ,随即      ,淘汰        ,天鹅  ,通信       ,,
77,树种        ,司令       ,随时        ,讨论      ,天空        ,通讯      ,,
77,数据       ,丝毫       ,随意       ,讨厌        ,天气        ,通用        ,,
77,数量         ,私人       ,岁月        ,特别       ,天然       ,通 知      ,,
77,数目       ,私营        ,损害        ,特地      ,天然气  ,同伴      ,,
77,数学        ,私有       ,损耗       ,特点                   ,,同胞       ,,
77,数值        ,私有制         ,损伤        ,特定        ,天生         ,同等        ,,
77,数字       ,思潮        ,损失        ,特权        ,天体      ,同行,,
78,同化,屠杀,外在,为难,文艺,物理,,
78,同类,土地,外资,为人,文章,物力,,
78,同年,土匪,弯曲,为首,文字,物品,,
78,同期,土壤,完备,为止,稳定,物体,,
78,同情,湍流,完毕,违背,问世,物质,,
78,同时,团结,完成,违法,问题,物种,,
78,同事,团体,完美,违反,卧室,物资,,
78,同行,团员,完全,围剿,握手,误差,,
78,同学,推测,完善,围绕,乌龟,误会,,
78,同样,推动,完整,维持,污染,误解,,
78,同意,推翻,玩具,维护,无比,西北,,
78,同志,推广,玩笑,维生素,无从,西方,,
78,童话,推荐,顽强,,无法,西风,,
78,童年,推进,晚饭,维新,无非,西南,,
78,统计,推理,晚期,维修,无关,西欧,,
78,统一,推论,万物,伟大,无机,吸附,,
78,统治,推销,万一,纬度,无可奈何,吸取,,
78,痛苦,推行,王朝,委托,,吸收,,
78,偷偷,退出,王国,委员,无力,吸引,,
78,头顶,退化,网络,委员会,无论,希望,,
78,头脑,退休,往来,,无情,牺牲,,
78,投产,拖拉机,往往,卫生,无穷,稀少,,
78,投机,脱离,忘记,卫星,无声,熄灭,,
78,投入,脱落,旺盛,为何,无数,习惯,,
78,投降,妥协,,未必,无限,习俗,,
78,投资,挖掘,望远镜,未曾,无线电,习性,,
78,透镜,歪曲,,未来,,袭击,,
78,透明,外表,危害,位移,无效,洗澡,,
78,突变,外部,危机,温带,无形,喜爱,,
78,突出,外地,危险,温度,无疑,喜剧,,
78,突击,外国,威力,温度计,无意,喜悦,,
78,突破,外汇,威胁,温和,无知,戏剧,,
78,突然,外交,威信,温暖,武力,戏曲,,
78,图案,外界,微观,温柔,武器,系列,,
78,图画,外科,微粒,文化,武装,系数,,
78,图书,外来,微弱,文件,侮辱,系统,,
78,图书馆,外力,微生物,文明,舞蹈,细胞,,
78,,外贸,,文人,舞剧,细节,,
78,图形,外商,微微,文物,舞台,细菌,,
78,图纸,外形,微小,文献,物化,细小,,
78,途径,外语,微笑,文学,物价,细心,,
79,细致,现代化,享有,效果,信息,姓名,,
79,狭隘,,响声,效力,信心,兄弟,,
79,狭义,现今,,效率,信仰,胸脯,,
79,狭窄,现金,响应,效益,信用,雄伟,,
79,下班,现实,想象,效应,兴奋,休眠,,
79,下层,现象,,协定,兴建,修辞,,
79,下达,现行,想象力,协会,兴起,修复,,
79,下颌,现在,,协商,星际,修改,,
79,下级,现状,向来,协调,星期,修建,,
79,下降,限度,向上,协同,星球,修理,,
79,下列,限于,,协议,星系,修养,,
79,下令,限制,向往,协助,星云,修正,,
79,下落,线段,项目,协作,刑罚,需求,,
79,下属,线路,象征,携带,刑法,需要,,
79,下午,线圈,,写作,刑事,许多,,
79,下旬,线索,橡胶,心底,行动,许可,,
79,下游,线条,橡皮,心理,行军,叙述,,
79,夏季,宪法,消除,心灵,行人,宣布,,
79,夏天,陷入,消除,心情,行使,宣传,,
79,先后,陷于,消毒,心事,行驶,宣告,,
79,先进,羡慕,消费品,心头,行为,宣言,,
79,先前,献身,,心血,行星,宣扬,,
79,先天,乡村,消耗,心脏,行政,悬挂,,
79,纤维,相当,消化,辛苦,行走,旋律,,
79,掀起,相等,消极,辛勤,形成,旋转,,
79,鲜花,相对,消灭,欣赏,形容,选拔,,
79,鲜明,相反,消失,新陈代谢,形式,选举,,
79,鲜血,相关,消亡,,形势,选手,,
79,鲜艳,相互,硝酸,新娘,形态,选用,,
79,显露,相继,销售,新奇,形体,选择,,
79,显然,相交,小麦,新人,形象,削弱,,
79,显示,相近,小朋友,新式,形状,学会,,
79,显微镜,相连,,新闻,,学科,,
79,,相似,小时,新兴,兴趣,学派,,
79,显现,相通,小型,新型,幸福,学术,,
79,显著,相同,小学,新颖,性别,学说,,
79,县城,相信,小学生,信贷,性格,学堂,,
79,现场,相应,,信号,性能,学徒,,
79,,香烟,小组,信念,性情,学习,,
79,现存,详细,校长,信任,性质,学校,,
79,现代,享受,笑容,信徒,性状,学员,,
80,学院,掩盖,也许,医生,艺术家,应当,,
80,学者,掩护,冶金,医学,议会,应该,,
80,雪白,眼光,冶炼,医药,议论,英雄,,
80,雪花,眼镜,野蛮,医院,议员,英勇,,
80,血管,眼看,野生,依次,异常,婴儿,,
80,血液,眼泪,野兽,依法,抑制,迎接,,
80,寻求,眼前,野外,依附,易于,荧光屏,,
80,寻找,眼神,业务,依旧,意境,,,
80,询问,演变,业余,依据,意图,盈利,,
80,循环,演唱,叶片,依靠,意外,营养,,
80,训练,演出,夜间,依赖,意味,营业,,
80,迅速,演化,夜晚,依然,意象,赢得,,
80,压力,演讲,液态,依照,意义,影片,,
80,压迫,演说,一般,仪器,意志,影响,,
80,压强,演绎,一半,仪式,毅然,应用,,
80,压缩,演员,一边,移动,因此,拥护,,
80,压抑,演奏,一带,移民,因地制宜,拥挤,,
80,压制,厌恶,一旦,移植,,拥有,,
80,鸦片,宴会,一定,遗产,因而,永恒,,
80,牙齿,验证,一度,遗传,因果,永久,,
80,延长,羊毛,一端,遗憾,因素,永远,,
80,延伸,阳光,一共,遗留,因子,勇敢,,
80,延续,,一贯,遗址,阴谋,勇气,,
80,严格,养分,一连,遗嘱,阴阳,勇于,,
80,严寒,养料,一律,疑惑,阴影,涌现,,
80,严峻,养殖,一面,疑问,音调,用户,,
80,严厉,氧化,一旁,以便,音阶,用力,,
80,严密,氧气,一齐,以后,音节,用品,,
80,严肃,样本,一起,以及,音响,用途,,
80,严重,样品,一切,以来,音乐,优点,,
80,言论,样式,一时,以兔,银行,优惠,,
80,言语,要求,一体,以内,引导,优良,,
80,岩石,邀请,一同,以前,引进,优美,,
80,沿岸,摇头,一线,以外,引力,优势,,
80,沿海,遥感,一向,以往,引起,优先,,
80,研究,遥远,一心,以为,引用,优秀,,
80,研究生,药品,一再,以下,饮食,优越,,
80,,药物,一早,以至,隐蔽,优质,,
80,研制,要紧,一直,以致,隐藏,忧郁,,
80,盐酸,要素,一致,义务,印刷,幽默,,
80,颜色,耶稣,医疗,艺术,印象,悠久,,
81,尤其,予以,源泉,早期,章程,震惊,,
81,尤为,宇宙,远方,早日,,镇压,,
81,由于,羽毛,愿望,早已,长官,争夺,,
81,邮票,雨水,约束,造就,掌握,争论,,
81,犹如,语法,月初,造型,障碍,争取,,
81,犹豫,语句,月份,责任,招待,征服,,
81,油画,语气,月光,责任感,招生,征求,,
81,油田,语文,月球,,着急,征收,,
81,游击,语言,乐队,怎样,召集,蒸发,,
81,游击队,语音,乐器,增产,召开,蒸气,,
81,游戏,玉米,乐曲,增多,照例,整顿,,
81,游行,育种,阅读,增高,照明,整个,,
81,游泳,预报,越冬,增加,照片,整理,,
81,友好,预备,越过,增进,照射,整齐,,
81,友人,预测,允许,增强,照相,整体,,
81,友谊,预定,运动,增添,照相机,正常,,
81,有关,预防,运动员,增长,,,,
81,有机,预计,,,照样,正当,,
81,有力,预料,运输,增值,照耀,正当,,
81,有利,预期,运算,炸弹,折射,正规,,
81,有名,预算,运行,债务,哲学,正好,,
81,有趣,预先,运用,展开,这些,正面,,
81,有如,预言,运转,展览,这样,正确,,
81,有时,欲望,蕴藏,展示,针对,正式,,
81,有限,元素,杂交,展现,针灸,正义,,
81,有效,原材料,杂志,崭新,侦查,正在,,
81,有益,,杂质,占据,侦察,证据,,
81,有意,原来,灾难,占领,珍贵,证明,,
81,右手,原理,栽培,占用,珍珠,证实,,
81,幼虫,原谅,再见,占有,真诚,证书,,
81,幼儿,原料,再现,战场,真空,政策,,
81,幼苗,原始,在场,战斗,真理,政党,,
81,幼年,原先,在家,战国,真实,政府,,
81,诱导,原因,在于,战略,真正,政权,,
81,于是,原则,暂时,战胜,诊断,政委,,
81,余地,原子,赞成,战士,阵地,政治,,
81,娱乐,原子核,赞美,战术,振荡,症状,,
81,渔业,,赞叹,战线,振动,,,
81,愉快,圆心,赞扬,战役,振奋,之后,,
81,舆论,援助,遭受,战友,振兴,之前,,
81,与其,缘故,遭遇,战争,震动,支部,,
82,支撑,指定,中午,昼夜,专业,资金,,
82,支持,指挥,中心,诸如,专用,资料,,
82,支出,指令,中性,逐步,专政,资源,,
82,支队,指明,中学,逐渐,,滋味,,
82,支付,指示,中学生,逐年,专制,子弹,,
82,支配,指数,,主编,转变,子弟,,
82,支援,指责,中旬,主持,转动,子宫,,
82,枝条,至此,中央,主导,转化,子女,,
82,枝叶,至今,中叶,主动,,,,
82,知觉,至少,中医,主观,转身,仔细,,
82,脂肪,至于,中原,主管,转向,姊妹,,
82,执行,制订,中子,,,,,
82,直观,制定,忠诚,主力,转移,自从,,
82,直角,制度,,主权,,,,
82,直接,制品,忠实,主人公,转向,自动化,,
82,直径,制约,终究,,,,,
82,直觉,制造,终年,主任,庄严,自发,,
82,直立,制止,终身,主题,装备,自豪,,
82,直辖市,制作,终于,主体,,,,
82,直线,质变,钟头,主席,装置,自觉,,
82,直至,质量,肿瘤,,,,,
82,值班,质子,种类,主义,状况,,,
82,职工,治安,,,,,,
82,职能,治理,种族,主张,状态,自然界,,
82,职权,治疗,,,,,,
82,职务,致富,众多,住房,追求,,,
82,职业,致使,众人,住宅,追逐,自卫,,
82,职员,秩序,,,,,,
82,职责,智慧,重大,贮存,准确,自信,,
82,植物,智力,重点,注射,准则,自行,,
82,植株,智能,重工业,,,,,
82,殖民,中等,,注意,啄木鸟,,,
82,殖民地,中断,重力,注重,,自由,,
82,只得,中华,重量,祝贺,着手,自愿,,
82,只顾,中间,,著名,着重,自在,,
82,只好,中年,重视,著作,琢磨,自治,,
82,只是,中期,重要,抓紧,咨询,自治区,,
82,只要,中世纪,,,,,,
82,只有,,周期,专利,姿态,自转,,
82,指标,中枢,周围,专门,资本,字母,,
82,指导,中外,周转,专题,资产,宗教,,
83,宗旨,总之,阻止,最后,遵守,作物,,
83,综合,纵队,组合,最近,遵循,作业,,
83,总额,走廊,组织,最为,昨天,作用,,
83,总和,走向,祖父,最终,左手,作战,,
83,总结,租界,祖国,罪恶,左右,作者,,
83,总理,足够,祖母,罪犯,作法,坐标,,
83,总数,足球,祖先,罪行,作风,座位,,
83,总算,足以,钻研,尊敬,作家,做法,,
83,总体,阻碍,嘴唇,尊严,作品,做梦,,
83,总统,阻力,最初,尊重,作为,,,
83,哀愁,安葬,懊丧,白话,拜访,半途,,
83,哀悼,按摩,八股,白话文,拜年,半圆,,
83,哀求,按捺,八卦,,班车,伴侣,,
83,哀伤,按钮,八仙桌,白桦,班级,帮办,,
83,哀怨,按期,,白酒,班主任,帮工,,
83,哀乐,按时,八字,白人,,帮凶,,
83,皑皑,按说,芭蕉,白日,颁发,绑架,,
83,矮小,案例,芭蕾舞,白薯,斑白,棒球,,
83,爱戴,案情,疤痕,白糖,斑驳,包办,,
83,爱抚,案头,拔除,白皙,斑点,包庇,,
83,爱慕,暗藏,拔节,白眼,斑斓,包工,,
83,爱惜,暗淡,拔腿,白蚁,斑纹,包裹,,
83,碍事,暗号,跋涉,白银,搬迁,包揽,,
83,安插,暗杀,把柄,白昼,搬用,包罗万象,,
83,安顿,暗自,把持,百般,板栗,,,
83,安放,黯然,把守,百分比,版本,包容,,
83,安分,昂贵,把戏,,版画,包销,,
83,安抚,昂然,靶场,百合,版面,包扎,,
83,安家,昂首,罢官,百花齐放,版权,饱含,,
83,安居乐业,昂扬,罢课,,版图,饱满,,
83,,盎然,罢免,百货,办案,宝剑,,
83,安理会,凹陷,罢休,百家争鸣,办公,宝库,,
83,安宁,遨游,霸权,,办学,宝塔,,
83,安生,翱翔,霸王,百科全书,半边,宝物,,
83,安稳,傲慢,霸占,,半成品,宝藏,,
83,安息,傲然,白菜,百灵,,宝座,,
83,安闲,奥妙,白费,柏油,半截,保安,,
83,安详,懊悔,白骨,败坏,半空,保护色,,
83,安逸,懊恼,白果,败仗,半路,,,
84,保健,暴徒,倍增,比值,编织,标识,,
84,保密,暴行,被单,彼岸,编撰,表白,,
84,保姆,暴躁,被褥,笔触,编纂,表格,,
84,保全,暴涨,奔波,笔法,鞭策,表决,,
84,保温,爆裂,背驰,笔画,鞭打,表露,,
84,保险丝,爆破,奔放,笔迹,鞭炮,表率,,
84,,爆竹,奔赴,笔尖,贬低,表态,,
84,保养,卑鄙,奔流,笔名,贬义,别出心裁,,
84,保佑,卑劣,奔腾,笔墨,贬值,,,
84,保证金,卑微,奔涌,笔直,变故,别具一格,,
84,,卑下,奔走,鄙视,变幻,,,
84,保证人,悲愤,本部,鄙夷,变卖,别开生面,,
84,,悲观,本分,币值,变色,,,
84,保重,悲苦,本行,必需品,变数,别名,,
84,堡垒,悲凉,本家,毕生,变通,别墅,,
84,报表,悲伤,本科,闭幕,变相,别有用心,,
84,报仇,悲痛,本色,闭塞,变性,,,
84,报答,悲壮,本土,庇护,变压器,宾馆,,
84,报导,碑文,本位,陛下,变样,宾客,,
84,报到,北半球,本义,婢女,变质,宾语,,
84,报废,,本意,弊端,变种,宾主,,
84,报馆,北国,本原,弊端,便秘,濒临,,
84,报警,北极,本源,碧波,便衣,濒于,,
84,报考,北极星,笨重,碧绿,遍布,摈弃,,
84,报请,贝壳,笨拙,壁垒,遍地,冰雹,,
84,报社,备案,绷带,避雷针,遍及,冰点,,
84,报喜,备课,迸发,,辩证,冰冻,,
84,报销,备用,逼近,避风,辩驳,冰窖,,
84,报信,备战,逼迫,避难,辩护人,冰晶,,
84,抱不平,背包,逼真,臂膀,,冰冷,,
84,,背道而驰,鼻尖,弊病,辩解,冰凉,,
84,抱负,,鼻梁,边陲,辩论,冰山,,
84,抱歉,背风,鼻腔,边防,标榜,冰天雪地,,
84,鲍鱼,背脊,鼻音,边际,标兵,,,
84,暴发,背离,匕首,边沿,标尺,冰箱,,
84,暴风雪,背面,比分,编导,标的,兵法,,
84,,背叛,比例尺,编号,标记,兵家,,
84,暴风雨,背诵,比率,编码,标明,兵器,,
84,,背心,比拟,编排,标签,兵团,,
84,暴君,背影,比热,编造,标新立异,兵役,,
84,暴乱,倍数,比武,编者,,兵营,,
85,兵站,波涛,,,,,,
85,兵种,波纹,不甘,布景,彩绘,惨死,,
85,饼干,波折,不敢当,布匹,彩礼,惨痛,,
85,屏息,剥离,,布衣,彩旗,惨重,,
85,并发,剥蚀,不计其数,步兵,彩塑,仓促,,
85,并肩,菠菜,,,,,,
85,并进,菠萝,不胫而走,步枪,菜场,沧桑,,
85,并举,播放,,步行,菜刀,苍翠,,
85,并联,播送,不可思议,部件,菜蔬,苍老,,
85,并列,伯父,,部属,菜肴,苍茫,,
85,并排,伯乐,不可一世,部委,菜园,苍穹,,
85,并行,伯母,,部下,参见,苍天,,
85,并重,驳斥,不力,擦拭,参军,藏身,,
85,病程,驳回,不妙,猜测,参看,藏书,,
85,病床,博爱,不配,猜想,参赛,操办,,
85,,博大,不屈,猜疑,参天,操场,,
85,病房,博得,不忍,才干,参议院,操持,,
85,病根,博览会,不善,才华,,操劳,,
85,病故,博物馆,不适,才智,参预,操练,,
85,病害,,不速之客,财经,参阅,操心,,
85,病号,搏击,,财会,参展,嘈杂,,
85,病菌,补给,不详,财贸,参战,草本,,
85,病例,补救,不像话,财权,参政,草场,,
85,病魔,补课,,财团,餐具,草丛,,
85,病史,补习,不孝,财物,餐厅,草帽,,
85,病榻,补助,不屑,财源,餐桌,草莓,,
85,病态,补足,不懈,裁定,残暴,草拟,,
85,病痛,捕获,不休,裁减,残存,草皮,,
85,病因,捕杀,不朽,裁剪,残废,草坪,,
85,病员,哺乳,不锈钢,裁决,残害,草率,,
85,病原体,哺育,,裁军,残留,草图,,
85,,不啻,不言而喻,裁判,残破,草屋,,
85,病灶,不得了,,采伐,残缺,草鞋,,
85,病症,不得已,不一,采掘,残忍,草药,,
85,摒弃,不动产,不依,采矿,残杀,厕所,,
85,拨款,,不以为然,采纳,蚕豆,侧耳,,
85,波段,不动声色,,采写,蚕食,侧身,,
85,波峰,,不约而同,采样,蚕丝,测绘,,
85,波谷,不乏,,采油,惭愧,测试,,
85,波及,不法,不只,采摘,惨案,测算,,
85,波澜,不凡,不至于,彩电,惨白,策动,,
86,策划,禅宗,常人,超然,沉沦,成天,,
86,层出不穷,缠绵,常设,,,,,
86,,缠绕,常态,超声波,沉没,成形,,
86,,潺潺,常委,,沉睡,成因,,
86,层面,蟾蜍,常温,超脱,沉痛,丞相,,
86,叉腰,产妇,常务,巢穴,沉吟,,,
86,差错,产权,常住,朝拜,沉郁,诚然,,
86,差额,产销,尝新,朝代,沉醉,诚心,,
86,插队,铲除,偿付,朝向,陈腐,诚挚,,
86,插话,阐发,偿还,朝阳,陈规,承办,,
86,插曲,阐释,厂家,朝野,陈迹,承继,,
86,插手,颤动,厂矿,朝政,陈列,承建,,
86,插图,忏悔,,嘲讽,陈设,承袭,,
86,插秧,猖獗,厂商,嘲弄,晨光,城堡,,
86,插嘴,猖狂,,嘲笑,晨曦,城郊,,
86,茶点,,场景,潮水,衬衫,城楼,,
86,茶花,娼妓,敞开,潮汐,衬托,城墙,,
86,茶几,长臂猿,怅惘,吵架,衬衣,,,
86,茶具,,,吵闹,趁机,城区,,
86,茶水,长波,畅快,吵嘴,趁势,乘法,,
86,茶园,长笛,畅所欲言,车床,趁早,乘方,,
86,查处,长方形,,车队,称职,乘积,,
86,查对,,畅谈,车夫,称霸,乘凉,,
86,查获,长工,畅通,车祸,称道,乘务员,,
86,查禁,,畅销,车身,称谓,,,
86,查看,长颈鹿,倡导,车头,称颂,乘坐,,
86,查问,,倡议,扯皮,撑腰,惩办,,
86,查询,长空,唱词,撤换,成败,惩处,,
86,查阅,长年,唱片,撤回,成才,惩戒,,
86,查找,长袍,唱腔,撤离,成材,惩治,,
86,察觉,长跑,,撤退,成风,澄清,,
86,察看,长篇,唱戏,撤销,成活,吃苦,,
86,刹那,长衫,抄袭,撤职,成家,吃亏,,
86,诧异,长寿,抄写,臣民,成见,吃水,,
86,拆除,长叹,钞票,尘埃,成交,吃香,,
86,拆毁,长途,超产,尘土,成名,痴呆,,
86,拆迁,长线,超常,沉寂,成品,驰骋,,
86,拆卸,长夜,超导体,沉降,成亲,驰名,,
86,差使,长于,,沉浸,成全,迟到,,
86,柴油,长足,超级,沉静,成书,迟缓,,
86,搀扶,肠胃,超前,,成套,迟疑,,
87,迟早,宠爱,出类拔萃,初年,穿戴,创建,,
87,持之以恒,宠儿,,初秋,穿孔,创举,,
87,,抽查,出力,初夏,穿山甲,创刊,,
87,持重,抽搐,出马,初学,,创设,,
87,齿轮,抽打,出面,除尘,穿梭,创始,,
87,齿龈,抽调,出苗,除法,穿行,创业,,
87,耻辱,抽空,出名,除外,穿越,创制,,
87,斥责,抽泣,出没,除夕,传布,炊烟,,
87,赤诚,抽签,出品,厨师,传承,吹拂,,
87,赤裸,抽取,出其不意,雏形,,吹牛,,
87,赤手空拳,抽穗,,橱窗,传单,吹捧,,
87,,抽样,出奇,处方,传道,吹嘘,,
87,赤字,踌躇,出气,处决,传教,吹奏,,
87,炽烈,仇敌,出勤,处女,传令,垂钓,,
87,炽热,仇人,出人意料,处世,传奇,垂柳,,
87,冲淡,仇视,,处事,传染,垂死,,
87,冲锋,惆怅,出任,处死,传人,垂危,,
87,冲积,,出入,处置,传神,锤炼,,
87,冲刷,绸缎,出山,储藏,传输,春分,,
87,冲天,稠密,出神,处所,传送,春风,,
87,冲洗,愁苦,出生率,蓄力,传诵,春耕,,
87,冲撞,筹办,,触电,传闻,春光,,
87,,筹备,出师,触动,传真,春雷,,
87,充斥,筹措,出使,触发,船舱,春色,,
87,充电,筹划,出示,触犯,船夫,纯度,,
87,充饥,筹集,出世,触及,船家,纯净,,
87,充沛,筹建,出事,触角,船台,纯真,,
87,充塞,丑恶,出手,触觉,船舷,纯正,,
87,充血,丑陋,出台,触摸,船员,淳朴,,
87,充溢,臭氧,出头,触目惊心,船闸,蠢事,,
87,充裕,出兵,出外,,喘气,戳穿,,
87,憧憬,出差,出院,触手,喘息,啜泣,,
87,重叠,出厂,出征,触须,创口,绰号,,
87,重逢,出场,出众,矗立,疮疤,瓷器,,
87,重申,出动,出资,揣测,窗帘,瓷砖,,
87,重围,出工,出走,揣摩,窗台,词句,,
87,重行,出海,出租,川剧,床单,祠堂,,
87,重修,出击,初春,川流不息,床铺,辞典,,
87,重演,出家,初等,,床位,辞退,,
87,崇敬,出嫁,初冬,穿插,创汇,慈爱,,
87,崇尚,出境,初恋,穿刺,创见,慈悲,,
88,慈善,粗布,错综复杂,大汉,大作,胆小鬼,,
88,慈祥,粗大,,大号,呆板,,,
88,磁带,粗放,搭救,大户,呆滞,胆汁,,
88,磁化,粗犷,搭配,大计,歹徒,诞辰,,
88,磁极,粗鲁,答辩,大将,代办,淡薄,,
88,磁体,粗略,答话,大惊小怪,代表作,淡化,,
88,磁头,粗俗,打岔,,,淡漠,,
88,磁性,粗细,打动,大局,代词,淡然,,
88,雌蕊,粗心,打赌,大举,代号,弹片,,
88,雌性,粗野,打火机,大理石,代数,弹头,,
88,雌雄,粗壮,打搅,大陆架,玳瑁,弹药,,
88,此间,簇拥,打垮,大路,带电,蛋糕,,
88,此起彼伏,篡夺,打捞,大略,带劲,氮肥,,
88,,篡改,打猎,大麻,带路,氮气,,
88,次第,催促,打趣,大麦,待命,当差,,
88,次品,催化,打扰,大米,待业,当归,,
88,次日,催化剂,打扫,大气层,怠工,当家,,
88,刺刀,催眠,打铁,,怠慢,当量,,
88,刺耳,璀璨,打通,大气压,丹顶鹤,当面,,
88,刺骨,脆弱,打消,大权,,当权,,
88,刺客,萃取,打印,大人物,担保,当日,,
88,刺杀,淬火,打颤,大赛,担当,当下,,
88,刺绣,翠绿,打字,大使,担架,当下,,
88,刺眼,村落,大白,大势,担忧,当众,,
88,赐予,村民,大本营,大肆,单薄,,,
88,匆忙,村寨,,大同小异,单产,党籍,,
88,聪慧,村镇,大便,,单词,党纪,,
88,从容,存储,大肠,大腿,单方,党派,,
88,从军,存放,大潮,大喜,单干,党团,,
88,从属,存活,大车,大显身手,单价,党务,,
88,从头,存货,大抵,,单据,党校,,
88,从新,存留,大殿,大相径庭,单身,党章,,
88,从业,存亡,大度,,单项,当日,,
88,从众,存心,大法,大修,单衣,当晚,,
88,丛林,存折,大凡,大选,单元,当夜,,
88,从生,磋商,大方,大雪,胆固醇,当真,,
88,从书,挫败,大副,大雁,,荡漾,,
88,凑近,挫伤,大公无私,大业,胆量,档次,,
88,凑巧,错过,,大义,胆略,刀枪,,
88,粗暴,错觉,大鼓,大专,胆囊,导电,,
88,粗笨,错位,大褂,大宗,胆怯,导航,,
89,导热,得心应手,抵达,典雅,殿下,丢人,,
89,导师,,抵挡,点滴,碉堡,丢失,,
89,导向,灯火,抵消,点火,雕琢,东道主,,
89,导游,灯塔,抵押,点名,刁难,,,
89,导语,登场,抵御,电表,吊环,东风,,
89,捣鬼,登场,底片,电波,钓竿,东经,,
89,捣毁,登高,地产,电车,调度,东正教,,
89,捣乱,登陆,地磁,电磁场,调换,,,
89,倒闭,登门,地道,,调集,冬眠,,
89,倒伏,登山,地段,电镀,调配,董事,,
89,倒卖,登台,地核,电工,调遣,董事会,,
89,倒塌,登载,地基,电光,调运,,,
89,祷告,等号,地窖,电焊,掉队,懂事,,
89,到家,等价,地雷,电机,掉头,动产,,
89,倒挂,等式,地力,电极,跌落,动荡,,
89,倒立,等同,地幔,电解,叮咛,动工,,
89,倒数,瞪眼,地盘,电解质,叮嘱,动画片,,
89,倒数,低层,地皮,,顶峰,,,
89,倒退,低潮,地平线,,,,,
89,倒影,低沉,,电铃,鼎盛,动情,,
89,倒置,低估,地热,电炉,订购,动身,,
89,倒转,低空,地毯,电气,订婚,动听,,
89,倒转,低廉,地下室,电气化,订立,动物园,,
89,盗贼,低劣,地衣,,订阅,,,
89,悼念,低落,地狱,电容,订正,动向,,
89,道家,低能,地址,电扇,定点,动心,,
89,道具,低洼,弟妹,电梯,定都,动用,,
89,道歉,低微,帝王,电筒,定购,动辄,,
89,道喜,低压,帝制,电网,定价,冻疮,,
89,道谢,堤坝,递减,电文,定居,,,
89,道义,滴灌,递增,电信,定论,冻结,,
89,稻草,敌国,谛听,电讯,定名,洞察,,
89,得逞,敌后,缔结,电影院,定神,洞房,,
89,得当,敌寇,缔约,,定时,洞穴,,
89,得分,敌情,颠簸,店铺,定位,斗笠,,
89,得救,敌视,颠倒,店堂,定性,抖动,,
89,得力,敌意,颠覆,店员,定语,抖擞,,
89,得失,涤纶,典范,垫圈,定员,陡坡,,
89,得体,诋毁,典故,惦念,定罪,陡峭,,
89,得天独厚,抵偿,典籍,奠基,丢掉,陡然,,
89,,抵触,典礼,殿堂,丢脸,斗志,,
90,豆浆,渡船,多寡,儿戏,乏味,反击,,
90,逗留,渡口,多亏,而今,伐木,反叛,,
90,督城,端午,多情,尔后,罚金,反扑,,
90,督办,端详,多事,耳光,法案,反思,,
90,督促,端庄,多谢,耳环,法宝,反问,,
90,督军,,多嘴,耳机,法典,反响,,
90,毒草,短波,夺目,耳鸣,法纪,反省,,
90,毒打,短促,躲避,耳目,法权,反义词,,
90,毒害,短工,躲藏,耳语,法师,反证,,
90,毒剂,短路,躲闪,二胡,法术,返航,,
90,毒品,短跑,堕落,发报,法医,返还,,
90,毒气,短缺,惰性,发财,法治,返青,,
90,毒蛇,短线,跺脚,发愁,发型,泛滥,,
90,毒物,短小,鹅卵石,发呆,帆布,范例,,
90,毒药,短语,额定,发放,帆船,梵文,,
90,独霸,段落,额角,发疯,番茄,犯法,,
90,独白,断层,额头,发还,藩镇,犯人,,
90,独裁,断绝,额外,发火,翻案,饭菜,,
90,独唱,断送,厄运,发酵,翻动,饭盒,,
90,独创,断言,扼杀,发狂,翻滚,饭厅,,
90,独到,堆放,扼要,发愣,翻阅,饭碗,,
90,独断,堆砌,恶霸,发毛,凡人,饭桌,,
90,独家,对岸,恶臭,发霉,凡事,贩卖,,
90,独身,对策,恶毒,发怒,烦闷,贩运,,
90,独舞,对答,恶棍,发配,烦躁,方剂,,
90,无一无二,对等,恶果,发票,繁复,方略,,
90,,对接,恶魔,发情,繁华,方位,,
90,独奏,对口,恶人,发球,繁忙,方向盘,,
90,读数,对联,恶习,发散,繁盛,,,
90,读物,对路,恶性,发烧,繁琐,方兴未艾,,
90,读音,对门,恶意,发誓,繁衍,,,
90,笃信,对偶,恶作剧,发售,繁育,方圆,,
90,堵截,对数,萼片,发送,繁杂,方桌,,
90,堵塞,对头,遏止,发文,反比,芳香,,
90,赌博,对虾,遏制,发问,反驳,防备,,
90,赌气,对峙,愕然,发笑,反常,防毒,,
90,杜鹃,队列,恩赐,发泄,反刍,防范,,
90,杜绝,兑换,恩情,发言人,反倒,防寒,,
90,妒忌,兑现,恩人,,反感,防洪,,
90,度量,敦促,儿科,发源,反攻,防护,,
90,度日,顿悟,儿孙,乏力,反光,防护林,,
91,防空,非同小可,废气,坟头,风貌,肤色,,
91,防守,,废弃,焚毁,风靡,敷衍,,
91,防卫,非议,废物,焚烧,风起云涌,伏击,,
91,防务,绯红,废渣,粉笔,,伏贴,,
91,防线,飞驰,废止,粉尘,风情,芙蓉,,
91,防汛,飞碟,沸点,粉刺,风趣,扶持,,
91,防疫,飞溅,沸水,粉红,风沙,扶贫,,
91,妨害,飞禽,费解,粉剂,风尚,扶桑,,
91,房产,飞速,费劲,粉饰,风声,扶养,,
91,房东,飞腾,费力,分外,风味,扶植,,
91,房租,飞天,分辨,份额,风箱,扶助,,
91,仿效,飞艇,分兵,奋不顾身,风向,拂晓,,
91,仿照,飞舞,分担,,风行,服饰,,
91,仿制,飞行器,分队,奋发,风雅,服药,,
91,纺织品,,分发,奋力,风云,服役,,
91,,飞行员,分隔,奋起,风韵,俘获,,
91,放大镜,,分管,奋勇,风姿,浮雕,,
91,,飞扬,分红,奋战,封面,浮力,,
91,放电,飞越,分家,粪便,烽火,浮现,,
91,放火,飞涨,分居,愤恨,锋利,浮云,,
91,放假,肥大,分流,愤慨,锋芒,浮肿,,
91,放宽,肥厚,分娩,愤然,蜂巢,福音,,
91,放牧,肥力,分蘖,丰产,蜂房,抚摩,,
91,放炮,肥胖,分派,丰厚,蜂蜜,抚慰,,
91,放任,肥水,分清,丰满,蜂王,抚养,,
91,放哨,肥沃,分手,丰年,蜂窝,抚育,,
91,放射线,肥效,分数,丰盛,峰峦,俯冲,,
91,,肥皂,分水岭,丰硕,缝合,俯瞰,,
91,放声,诽谤,,丰腴,缝纫,俯视,,
91,放手,匪帮,分摊,风波,奉命,俯首,,
91,放肆,匪徒,分头,风采,奉行,辅导,,
91,放行,翡翠,分享,风潮,缝隙,腐化,,
91,放学,肺病,芬芳,风车,佛典,腐烂,,
91,放眼,肺活量,纷繁,风驰电掣,佛法,父辈,,
91,放养,,纷飞,,佛经,父老,,
91,放映,肺结核,纷乱,风度,佛寺,负电,,
91,放置,肺炎,纷纭,风帆,佛像,负荷,,
91,放纵,废话,纷争,风寒,佛学,负极,,
91,非得,废旧,氛围,风化,否决,负离子,,
91,非凡,废料,坟地,风浪,夫子,负伤,,
91,非难,废品,坟墓,风流,肤浅,负载,,
92,负债,腹腔,感伤,高耸,各别,公害,,
92,负重,腹泻,感叹,高下,根除,公函,,
92,妇科,覆灭,,,,,,
92,附带,改道,橄榄,高血压,根深蒂固,公积金,,
92,附和,改动,干劲,,,,,
92,附件,改观,干流,高雅,根治,公款,,
92,附录,改行,干线,羔皮,跟踪,公墓,,
92,附设,改换,刚好,羔羊,更改,公婆,,
92,附属,改悔,刚健,糕点,更换,公仆,,
92,附庸,改嫁,刚劲,稿费,更替,公然,,
92,复查,改建,刚强,稿件,更正,公使,,
92,复仇,改口,肛门,稿纸,耕耘,公事,,
92,复发,改写,纲要,告辞,耕种,公私,,
92,复古,改选,钢板,告发,哽咽,公诉,,
92,复核,改制,钢笔,告急,工段,公文,,
92,复活,改装,钢材,告诫,工分,公务,,
92,复述,概况,钢筋,告知,工匠,公务员,,
92,复苏,概论,钢盔,告终,工矿,,,
92,复习,概述,港币,告状,工龄,公益,,
92,复兴,干杯,港湾,戈壁,工期,公用,,
92,复眼,干瘪,杠杆,搁置,工时,公寓,,
92,复议,干冰,高昂,割断,工事,公约,,
92,复员,干草,高傲,割据,工头,公债,,
92,复原,干涸,高倍,割裂,工效,公证,,
92,副本,干枯,高层,割让,工序,公职,,
92,副词,甘草,高超,歌词,工艺品,公众,,
92,副官,甘露,高档,歌喉,,公转,,
92,副刊,甘薯,高贵,歌手,工友,公子,,
92,副食,甘愿,高寒,歌星,工种,功臣,,
92,副作用,坩埚,高价,歌咏,工作日,功德,,
92,,柑橘,高举,革除,,功绩,,
92,赋税,杆菌,高亢,阁楼,公案,功力,,
92,富贵,赶场,高考,阁下,公报,功利,,
92,富丽,赶车,高龄,格调,公差,功名,,
92,富强,赶集,高明,格局,公道,功效,,
92,富饶,赶路,高能,格律,公法,功勋,,
92,富庶,感触,高强,格言,公费,功用,,
92,富翁,感光,高热,隔断,公告,攻打,,
92,富足,感化,高烧,隔阂,公关,攻读,,
92,腹地,感冒,高深,隔绝,公馆,攻关,,
92,腹膜,感人,高手,隔膜,公海,攻克,,
93,攻破,孤儿,顾盼,贯通,诡秘,国语,,
93,攻势,孤寂,雇工,惯例,鬼魂,果木,,
93,攻陷,孤军,雇佣,惯用,鬼脸,果皮,,
93,攻占,辜负,雇用,灌木,鬼神,果品,,
93,供销,古董,雇员,灌区,柜台,果肉,,
93,供需,古怪,雇主,灌输,贵宾,果园,,
93,供养,古籍,瓜分,灌注,贵妃,果真,,
93,宫殿,古迹,瓜子,光波,贵贱,过场,,
93,宫女,古兰经,挂钩,光度,贵人,过错,,
93,恭敬,古朴,挂念,光复,贵姓,过道,,
93,恭喜,古书,挂帅,光顾,贵重,过冬,,
93,拱桥,古文,拐棍,光环,桂冠,过关,,
93,拱手,古音,拐弯,光洁,桂花,过火,,
93,共存,谷地,拐杖,光临,桂圆,过境,,
93,共和,谷物,怪事,光能,滚动,过量,,
93,共计,股东,怪异,,滚烫,过路,,
93,共生,股份,关口,光年,棍棒,过滤,,
93,共事,股金,关门,光束,锅炉,过敏,,
93,共通,股息,关卡,光速,锅台,过热,,
93,共性,骨灰,关切,光阴,国策,过人,,
93,共振,骨架,关税,广博,国产,过剩,,
93,供奉,骨盆,关头,广度,国度,过失,,
93,供养,骨气,关押,广袤,国法,过时,,
93,勾画,骨肉,关照,广漠,国歌,过头,,
93,勾勒,骨髓,观光,归队,国画,过往,,
93,勾引,骨折,,归附,国货,过问,,
93,沟谷,鼓动,观摩,归还,国籍,过夜,,
93,沟渠,鼓膜,观赏,归侨,国界,过瘾,,
93,篝火,鼓掌,观望,归属,国境,过硬,,
93,苟且,固守,官办,归宿,国君,哈密瓜,,
93,狗熊,固态,官场,归途,国库,,,
93,构件,故此,官方,归于,国力,孩提,,
93,构图,故而,官府,规程,国立,海岸线,,
93,构想,故宫,官职,规范化,国难,,,
93,构筑,故国,管家,,国旗,海报,,
93,购置,放土,管教,规劝,国庆,海滨,,
93,估价,故障,管事,规章,国人,海潮,,
93,估算,顾及,管弦乐,皈依,国事,海岛,,
93,姑且,顾忌,,瑰丽,国势,海盗,,
93,姑息,顾名思义,管用,轨迹,国体,海防,,
93,孤单,,管制,诡辩,国务,海风,,
94,海港,汗毛,耗资,黑白,后备,花岗岩,,
94,海口,汗衫,浩大,黑板,后盾,,,
94,海里,旱地,浩劫,黑洞,后顾之忧,花冠,,
94,海流,旱烟,呵斥,黑体,,花卉,,
94,海轮,旱灾,合唱,狠心,后继,花轿,,
94,海绵,捍卫,合伙,恒定,后劲,花蕾,,
94,海参,悍然,合击,恒温,后门,花脸,,
94,海市蜃楼,焊接,合计,恒心,后台,花蜜,,
94,,行会,合流,横渡,后退,花木,,
94,海滩,行情,合算,横亘,后卫,花鸟,,
94,海棠,航程,合体,横贯,后续,花瓶,,
94,海豚,航船,合营,横扫,后裔,花圃,,
94,海峡,航道,合影,横行,后院,花期,,
94,海啸,航路,合用,轰动,厚薄,花圈,,
94,海员,航天,合资,轰击,候补,花蕊,,
94,海运,航线,合奏,轰鸣,候鸟,花坛,,
94,海蜇,航运,何尝,轰然,候审,花厅,,
94,害羞,巷道,何苦,轰响,呼号,花样,,
94,酣睡,豪放,何止,轰炸,呼叫,华贵,,
94,憨厚,豪华,和蔼,烘托,呼救,华丽,,
94,鼾声,豪迈,和缓,弘扬,呼声,华美,,
94,含混,豪情,和解,红利,呼啸,华人,,
94,含笑,豪爽,和睦,红领巾,呼应,华夏,,
94,含蓄,壕沟,和声,,忽而,哗然,,
94,含意,嚎啕,和约,红木,狐疑,滑轮,,
94,函授,好歹,河床,红娘,弧光,滑行,,
94,涵义,好感,河道,,胡乱,滑雪,,
94,寒潮,好汉,河谷,红润,胡闹,化脓,,
94,寒带,好评,河口,红烧,胡须,化身,,
94,寒假,好受,河山,红外线,互利,化纤,,
94,寒噤,好说,河滩,,户主,化验,,
94,寒流,好似,河豚,红星,护理,化妆,,
94,寒气,好笑,核定,红叶,护送,化妆品,,
94,寒热,好心,核对,红晕,护照,,,
94,寒暑,好意,核能,宏大,花白,化装,,
94,寒暄,号称,核实,洪亮,花瓣,画报,,
94,寒意,号角,核准,洪流,花边,画笔,,
94,寒颤,号令,核子,鸿沟,花草,画册,,
94,喊叫,号码,贺喜,喉舌,花丛,画卷,,
94,汗流浃背,好客,喝彩,吼叫,花旦,画廊,,
94,,好恶,赫然,吼声,花萼,画片,,
95,画师,焕然一新,谎言,蛔虫,浑浊,击毙,,
95,画室,,晃动,悔改,豁口,击毁,,
95,画坛,豢养,灰暗,悔恨,活命,击落,,
95,画图,荒诞,灰白,毁坏,活期,机舱,,
95,画外音,荒地,灰烬,汇编,活塞,机床,,
95,,荒废,灰心,汇合,活体,机电,,
95,画院,荒凉,诙谐,汇集,活捉,机动,,
95,画展,,挥动,汇率,火把,机井,,
95,话音,荒谬,挥发,汇总,火海,机警,,
95,怀孕,荒漠,挥霍,会和,火红,机理,,
95,坏蛋,荒僻,挥手,会话,火花,机密,,
95,坏事,荒芜,挥舞,会聚,火化,机敏,,
95,坏死,荒野,辉映,会面,火炬,机枪,,
95,欢呼,荒原,回报,会师,火坑,机遇,,
95,欢快,慌乱,回荡,会谈,火力,机缘,,
95,欢送,慌忙,回复,会堂,火炉,机智,,
95,欢腾,,回归线,会晤,火苗,机组,,
95,欢笑,慌张,,会心,火炮,肌肤,,
95,欢心,,回合,会意,火器,肌腱,,
95,欢欣,皇宫,回话,会战,火热,肌体,,
95,还击,皇冠,回环,讳言,火速,积存,,
95,环保,皇后,回击,荟萃,火线,积分,,
95,环顾,皇家,回敬,绘制,火药,积聚,,
95,环球,皇权,回流,贿赂,火灾,积蓄,,
95,环绕,皇室,回路,彗星,火葬,基本功,,
95,环视,黄疸,回身,昏暗,火神,,,
95,环形,黄澄澄,回升,昏黄,伙房,基调,,
95,缓冲,,回声,昏迷,货场,基石,,
95,,黄帝,回师,昏睡,货车,基数,,
95,缓解,黄豆,回收,婚配,货款,激昂,,
95,缓刑,黄花,回首,婚事,货轮,激荡,,
95,幻灯,黄连,回味,浑厚,货色,激愤,,
95,幻象,黄鼠狼,回响,浑浊,货源,激化,,
95,幻影,,回想,魂魄,货运,激活,,
95,宦官,黄莺,回信,混沌,获悉,激进,,
95,换取,惶惑,回旋,混合物,霍乱,激流,,
95,换算,惶恐,回忆录,混凝土,豁免,激怒,,
95,唤醒,蝗虫,回音,,几率,激增,,
95,涣散,,回应,混同,讥讽,激战,,
95,患难,恍然,回转,混杂,讥笑,羁绊,,
95,焕发,谎话,回游,混战,击败,及格,,
96,及早,集装箱,加固,假期,减速,鉴赏,,
96,吉利,,加油,假日,减退,鉴于,,
96,吉普车,嫉妒,夹攻,尖刀,剪裁,箭头,,
96,吉他,几经,夹击,尖端,剪刀,江湖,,
96,吉祥,几时,夹杂,尖利,剪纸,江山,,
96,汲取,给养,佳话,奸商,简便,僵化,,
96,级别,脊背,佳节,坚韧,简短,僵死,,
96,级差,脊髓,佳肴,坚守,简洁,疆域,,
96,极地,脊柱,佳作,坚信,简介,讲解,,
96,极点,脊椎,枷锁,坚毅,简练,讲理,,
96,极度,计价,家产,坚贞,简陋,讲求,,
96,极限,计较,家常,肩负,简略,讲师,,
96,即便,计量,家访,肩胛,简明,讲授,,
96,即刻,计数,家教,肩头,简朴,讲台,,
96,即日,记事,家境,间距,简要,讲坛,,
96,即时,记述,家眷,艰险,简易,讲学,,
96,即位,记性,家禽,艰辛,见长,讲演,,
96,即兴,记忆力,家业,监测,见地,讲义,,
96,急促,伎俩,家用,监察,见闻,讲座,,
96,急救,纪年,家喻户晓,监工,见效,奖惩,,
96,急遽,记实,,监管,见于,奖品,,
96,急流,纪要,家园,监禁,见证,奖券,,
96,急迫,技法,嘉奖,监牢,间谍,奖赏,,
96,急切,技工,甲虫,兼备,间断,奖章,,
96,急事,技师,甲骨文,兼并,间或,奖状,,
96,急速,妓女,,兼顾,间隙,,,
96,急中生智,季度,甲壳,兼任,间歇,降价,,
96,,剂量,甲鱼,兼职,间作,降临,,
96,疾驰,迹象,甲状腺,缄默,建材,降生,,
96,疾患,继承权,,煎熬,建交,,,
96,疾苦,,钾肥,检测,建树,降温,,
96,棘手,继而,假借,检察,建制,将领,,
96,集成,继母,假冒,检举,健将,将士,,
96,集结,继任,假若,检索,健美,酱油,,
96,集聚,祭礼,假想,检讨,健身,交待,,
96,集权,祭坛,假像,检修,舰队,交道,,
96,集市,寄居,假意,检疫,舰艇,交点,,
96,集训,寄予,假装,检阅,渐变,交锋,,
96,集邮,加班,驾驭,减产,渐次,交付,,
96,集约,加倍,架空,减低,渐进,交互,,
96,集镇,加法,架设,减免,践踏,交还,,
97,交汇,脚掌,接头,解渴,进逼,经书,,
97,交加,脚趾,接吻,解说,进餐,经线,,
97,交接,搅拌,接线,解体,进出,经销,,
97,交界,搅动,接种,介入,进度,经由,,
97,交纳,缴获,秸秆,介意,进发,荆棘,,
97,交配,缴纳,揭穿,戒备,进犯,惊诧,,
97,交融,叫喊,揭发,戒律,进贡,惊动,,
97,交涉,叫好,揭晓,戒严,进货,惊愕,,
97,交尾,叫卖,街市,届时,进食,惊骇,,
97,交响乐,叫嚷,节俭,界定,进退,惊慌,,
97,,叫嚣,节律,界面,进位,惊惶,,
97,交易所,校对,节能,界线,进行曲,惊恐,,
97,交站,校样,节拍,借贷,,惊扰,,
97,郊外,校正,节余,借以,进修,惊叹,,
97,郊野,轿车,节制,借重,进驻,惊吓,,
97,浇灌,较量,劫持,金刚,近海,惊险,,
97,娇嫩,教案,杰作,金龟子,近郊,惊疑,,
97,娇艳,教程,洁净,金黄,近邻,晶莹,,
97,胶布,教官,结伴,金库,近旁,精彩,,
97,胶片,教规,结核,金石,近期,精干,,
97,教书,教化,结集,金丝猴,近亲,精光,,
97,焦距,教皇,结膜,金文,劲头,精华,,
97,焦虑,教诲,结社,金星,晋级,精简,,
97,焦炭,教科书,结石,金鱼,晋升,精炼,,
97,焦躁,,结识,金字塔,浸泡,精灵,,
97,焦灼,教士,结尾,津贴,浸润,精美,,
97,礁石,教条,结业,津液,浸透,精明,,
97,角膜,教徒,结余,矜持,禁锢,精辟,,
97,角质,教务,捷报,筋骨,禁忌,精品,,
97,狡猾,教益,捷径,尽早,禁令,精巧,,
97,矫健,酵母,睫毛,紧凑,禁区,精锐,,
97,矫揉造作,阶梯,截断,紧迫,京城,精髓,,
97,,接管,截面,紧俏,京师,精通,,
97,矫正,接合,截取,紧缺,京戏,精微,,
97,矫治,接济,截然,紧缩,经度,精益求精,,
97,皎洁,接见,截止,紧要,经纪人,,,
97,脚背,接纳,截至,锦旗,经久,精英,,
97,脚跟,接洽,解冻,锦绣,经络,精湛,,
97,脚尖,接壤,解毒,尽情,经脉,精制,,
97,脚手架,接生,解雇,尽头,经贸,精致,,
97,,接替,解救,尽心,经商,颈椎,,
98,景观,酒店,举重,绝境,开端,看台,,
98,景况,酒会,举足轻重,绝妙,开饭,看透,,
98,景致,酒家,,绝食,开赴,看中,,
98,警报,酒席,巨额,绝缘,开工,看重,,
98,警备,旧历,巨人,倔强,开荒,看做,,
98,警车,旧式,巨星,崛起,开火,康复,,
98,警官,旧址,巨著,爵士,开机,慷慨,,
98,警戒,臼齿,句法,爵士乐,开掘,亢奋,,
98,警觉,救护,俱乐部,攫取,开朗,亢进,,
98,警犬,救火,剧变,军备,开明,抗旱,,
98,警卫,救命,剧目,军费,开炮,抗衡,,
98,劲旅,救亡,剧情,军服,开启,抗击,,
98,径直,救援,剧院,军工,开窍,抗拒,,
98,净土,救灾,据悉,军火,开山,抗体,,
98,竞技,救助,惧怕,军机,开庭,抗原,,
98,竞相,就餐,锯齿,军礼,开通,抗灾,,
98,竞选,就此,聚变,军粮,开脱,抗争,,
98,敬爱,就地,聚餐,军属,开外,考查,,
98,敬礼,就读,聚合,军务,开销,考场,,
98,敬佩,就近,聚会,军校,开心,考据,,
98,敬畏,就任,聚积,军需,开学,考取,,
98,敬仰,就绪,聚居,军训,开业,考生,,
98,敬意,就学,捐款,军医,开凿,考问,,
98,敬重,就职,捐税,军营,开战,考证,,
98,静电,就坐,捐赠,军用,开张,烤火,,
98,静谧,舅妈,卷烟,军装,凯歌,靠拢,,
98,静默,拘谨,眷恋,均等,凯旋,靠山,,
98,静穆,拘留,决断,君权,慨然,苛刻,,
98,静态,拘泥,决裂,君子,慨叹,苛求,,
98,境况,拘束,决赛,俊美,楷模,科班,,
98,境遇,拘留,决死,俊俏,刊载,科举,,
98,镜框,居室,决算,骏马,看管,科目,,
98,镜片,鞠躬,决意,竣工,看护,科普,,
98,炯炯,鞠躬尽瘁,决战,卡车,看守,科室,,
98,窘迫,,诀别,卡片,勘测,磕头,,
98,纠缠,局促,诀窍,开场,勘察,瞌睡,,
98,纠葛,沮丧,抉择,开车,坎坷,蝌蚪,,
98,纠集,矩形,角逐,开春,砍伐,可悲,,
98,久远,举例,觉醒,开刀,看病,可耻,,
98,韭菜,举目,绝迹,开导,看穿,可观,,
98,酒吧,举止,绝技,开动,看好,可贵,,
99,可恨,恐怖,库房,矿床,拦截,老总,,
99,可口,恐龙,裤脚,,拦腰,烙印,,
99,可取,空地,裤腿,矿工,拦阻,乐趣,,
99,可恶,空隙,酷爱,矿井,栏杆,乐意,,
99,可喜,空闲,酷热,矿区,蓝图,乐于,,
99,可行,控告,酷暑,矿山,篮球,乐园,,
99,可疑,控诉,酷似,矿石,懒惰,勒令,,
99,渴求,口岸,夸大,矿业,懒汉,勒索,,
99,克己,口服,夸奖,框架,懒散,雷暴,,
99,克制,口角,夸耀,亏本,烂泥,雷电,,
99,刻板,口径,垮台,窥见,滥用,雷鸣,,
99,刻薄,口诀,挎包,窥探,狼狈,雷同,,
99,刻不容缓,口粮,跨度,葵花,朗读,雷雨,,
99,,口令,跨越,傀儡,朗诵,累积,,
99,恪守,口琴,快感,匮乏,浪潮,累及,,
99,客车,口哨,快慢,溃烂,浪漫,累计,,
99,客房,口水,快艇,溃疡,浪涛,肋骨,,
99,客户,口味,快意,昆曲,劳工,泪痕,,
99,客机,口吻,脍炙人口,困惑,劳驾,泪花,,
99,客轮,口音,,困苦,劳教,泪眼,,
99,客商,口罩,宽度,困扰,劳苦,泪珠,,
99,客运,叩头,宽广,扩充,劳累,类比,,
99,课外,扣除,宽厚,扩建,劳模,类别,,
99,课文,扣留,宽容,括号,劳务,类群,,
99,课余,扣押,宽恕,拉力,劳逸,类推,,
99,垦荒,枯黄,宽慰,腊梅,劳资,棱角,,
99,恳切,枯竭,宽裕,腊月,劳作,棱镜,,
99,恳求,枯萎,款待,来宾,牢房,冷藏,,
99,坑道,枯燥,款式,来电,牢记,冷淡,,
99,吭声,哭泣,款项,来访,牢笼,冷冻,,
99,铿锵,哭诉,狂奔,来客,牢狱,冷风,,
99,空洞,苦果,狂风,来历,老伯,冷汗,,
99,空话,苦力,狂欢,来龙去脉,老化,冷峻,,
99,空旷,苦闷,狂热,,老家,冷酷,,
99,空谈,苦涩,狂妄,来年,老练,冷落,,
99,空投,苦痛,,来去,老少,冷漠,,
99,空袭,苦笑,狂喜,来世,老生,冷凝,,
99,空想,苦心,狂笑,来势,老式,冷暖,,
99,空心,苦于,旷工,来意,老天爷,冷气,,
99,孔洞,苦战,旷野,来者,老鹰,冷眼,,
99,孔隙,苦衷,矿藏,兰花,老者,冷饮,,
100,冷遇,立案,脸红,了然,淋漓,领悟,,
100,离别,立方,脸颊,了如指掌,淋漓尽致,领先,,
100,离奇,立功,脸面,,,领主,,
100,离散,立国,脸庞,料理,琳琅满目,另行,,
100,离心,立论,脸皮,料想,,浏览,,
100,离心力,立宪,脸谱,瞭望,嶙峋,留成,,
100,离休,立意,练兵,列强,磷肥,留存,,
100,离异,立正,练功,列席,磷脂,留恋,,
100,离职,立志,练武,劣等,鳞片,留神,,
100,梨园,立足,恋人,劣势,吝啬,留声机,,
100,黎明,利弊,链条,劣质,灵巧,,,
100,礼拜,利尿,良机,烈火,灵堂,留守,,
100,礼法,沥青,良久,烈日,灵通,留心,,
100,礼教,例证,良田,烈性,灵性,留意,,
100,礼节,隶属,良性,烈焰,灵芝,流产,,
100,礼品,荔枝,凉爽,猎狗,玲珑,流畅,,
100,礼让,砾石,,猎枪,凌晨,流程,,
100,礼堂,连带,凉水,猎取,凌空,流毒,,
100,礼仪,连贯,凉鞋,猎犬,凌乱,流放,,
100,里程,连环,粮仓,猎人,陵墓,流浪,,
100,里程碑,连环画,两栖,猎手,陵园,流利,,
100,,,两性,猎物,聆听,流量,,
100,理财,连绵,两样,裂变,菱形,流落,,
100,理睬,连年,两翼,裂缝,羚羊,流失,,
100,理发,连日,亮度,裂痕,零点,流逝,,
100,理会,连声,亮光,裂纹,零乱,流水线,,
100,理科,连锁,亮相,裂隙,零散,,,
100,理应,连通,谅解,邻里,零碎,流速,,
100,理直气壮,连夜,量变,邻舍,零星,流淌,,
100,,连衣裙,量词,林带,领带,流亡,,
100,力度,,量刑,林地,领地,流星,,
100,力争,怜悯,踉跄,林立,领队,流言,,
100,历程,莲花,疗程,林荫道,领海,流转,,
100,历次,涟漪,疗效,,领教,硫磺,,
100,历法,联欢,疗养,临别,领口,龙船,,
100,历届,联接,疗养院,临到,领略,龙灯,,
100,历尽,联名,,临界,领取,龙骨,,
100,历经,联赛,嘹亮,临近,领事馆,龙卷风,,
100,历年,联姻,潦倒,临摹,,,,
100,历书,廉洁,缭绕,临终,领受,龙王,,
100,厉声,镰刀,了结,淋巴结,领头,龙眼,,
101,隆冬,屡见不鲜,落日,满面,茂盛,门铃,,
101,隆重,,落水,满目,冒充,门票,,
101,笼络,绿灯,落伍,满腔,冒火,门生,,
101,笼统,绿地,抹布,满心,冒昧,门徒,,
101,楼阁,绿豆,麻痹,满月,贸然,门牙,,
101,楼台,绿肥,麻袋,满载,貌似,门诊,,
101,楼梯,绿洲,麻将,满嘴,没劲,萌动,,
101,漏洞,孪生,麻木,谩骂,没命,萌生,,
101,漏斗,卵石,麻雀,蔓延,没趣,,,
101,芦笙,卵子,麻疹,漫不经心,眉飞色舞,蒙蔽,,
101,芦苇,略微,马达,,,蒙昧,,
101,炉灶,沦陷,马灯,漫步,眉开眼笑,蒙受,,
101,卤水,轮班,马褂,漫画,,盟国,,
101,卤素,轮番,马力,漫天,眉眼,猛然,,
101,鲁莽,轮换,马铃薯,漫游,眉宇,猛兽,,
101,陆路,轮回,,慢条斯理,梅花,蒙古包,,
101,录取,轮胎,马匹,,梅雨,,,
101,录像,轮椅,马蹄,忙乱,煤气,梦幻,,
101,录像机,论调,马桶,盲肠,煤油,梦境,,
101,,论断,马戏,,霉菌,梦寐以求,,
101,录音,论据,玛瑙,盲从,霉烂,,,
101,录音机,论理,埋藏,盲流,美德,梦乡,,
101,录用,论说,埋没,盲人,美观,梦想,,
101,录制,论坛,埋头,猫头鹰,美景,梦呓,,
101,绿林,论战,埋葬,,美酒,弥散,,
101,路标,论著,买主,毛笔,美满,迷宫,,
101,路灯,罗汉,迈步,毛虫,美貌,迷惑,,
101,路费,罗列,迈进,毛发,美女,迷离,,
101,路径,罗盘,麦收,毛骨悚然,美人,迷恋,,
101,路口,锣鼓,卖国,,美容,迷路,,
101,路面,箩筐,卖力,毛料,美谈,迷茫,,
101,路人,螺丝,卖命,毛驴,美味,迷蒙,,
101,路途,螺旋桨,卖主,毛囊,美育,迷失,,
101,露骨,,脉搏,毛皮,闷热,迷惘,,
101,露天,裸露,脉冲,毛毯,门板,迷雾,,
101,露珠,裸体,脉络,毛线,门第,猕猴,,
101,旅伴,落差,蛮干,毛衣,门户,糜烂,,
101,旅程,落成,蛮横,矛头,门槛,米饭,,
101,旅店,落户,满腹,茅草,门框,秘诀,,
101,旅途,落脚,满怀,茅屋,门类,密闭,,
101,屡次,落空,满口,茂密,门帘,密布,,
102,密封,民警,,,,,,
102,密码,民情,明媚,谋杀,奶粉,内陆,,
102,蜜月,民权,明日,谋生,奶牛,内乱,,
102,绵延,民生,明晰,模板,奶油,内幕,,
102,绵羊,民心,明星,母爱,奈何,内情,,
102,棉布,民谣,明珠,母本,耐力,内燃机,,
102,棉纱,民意,鸣叫,母系,耐用,内伤,,
102,棉田,民营,冥想,母校,男方,内务,,
102,棉絮,民用,铭文,母语,男生,内线,,
102,免除,民政,命脉,牡蛎,南半球,内向,,
102,免费,泯灭,命中,拇指,,内销,,
102,免税,名词,谬论,木本,南洋,内省,,
102,勉励,名单,谬误,木柴,难保,内衣,,
102,缅怀,名额,摩登,木耳,难产,内因,,
102,面额,名副其实,摩托,木筏,难点,内政,,
102,面粉,,摩擦,木工,难度,嫩绿,,
102,面颊,名贵,磨练,木刻,难关,能干,,
102,面具,名家,磨难,木料,难堪,能人,,
102,面庞,名利,磨损,木偶,难看,能事,,
102,面容,名列前茅,魔法,木炭,难说,能手,,
102,面色,,魔鬼,木星,难听,尼姑,,
102,面纱,名流,魔力,目不转睛,难为情,尼龙,,
102,面谈,名目,魔术,,,呢绒,,
102,苗木,名牌,魔王,目瞪口呆,难民,泥浆,,
102,苗圃,名片,魔爪,,难友,泥坑,,
102,描画,名气,抹杀,目睹,囊括,泥泞,,
102,描摹,名人,末日,目录,恼火,泥塑,,
102,瞄准,名山,末梢,目送,恼怒,泥炭,,
102,渺茫,名声,末尾,沐浴,脑海,霓虹灯,,
102,渺小,名胜,莫大,牧草,脑际,,,
102,藐视,名师,莫非,牧场,脑筋,拟订,,
102,庙会,名望,蓦然,牧民,脑力,拟定,,
102,庙宇,名下,漠然,牧区,脑髓,拟人,,
102,灭火,名言,漠视,募捐,闹市,逆差,,
102,灭绝,名誉,墨水,墓碑,闹事,逆境,,
102,蔑视,名著,默念,墓地,闹钟,逆流,,
102,民办,明矾,默契,墓室,内阁,逆向,,
102,民法,明净,默然,墓葬,内海,逆转,,
102,民房,明镜,谋害,幕后,内行,溺爱,,
102,民工,明快,谋略,暮色,内疚,年份,,
102,民航,明朗,谋求,穆斯林,内科,年华,,
103,年画,浓缩,排忧解难,胚芽,皮层,飘散,,
103,年会,浓郁,,陪伴,皮带,飘扬,,
103,年景,浓重,牌价,陪衬,皮革,飘逸,,
103,年轮,弄虚作假,派别,陪同,皮毛,漂白粉,,
103,年迈,,派生,培土,皮球,,,
103,年岁,奴仆,派头,培植,皮肉,票据,,
103,年限,怒放,派系,赔款,毗邻,瞥见,,
103,年终,怒吼,派性,赔钱,疲惫,拼搏,,
103,念白,怒火,攀登,佩戴,疲乏,拼凑,,
103,鸟瞰,怒气,攀谈,配备,啤酒,拼死,,
103,袅袅,女方,攀援,配对,脾胃,拼音,,
103,尿布,女皇,盘剥,配方,脾脏,贫乏,,
103,尿素,女郎,盘踞,配件,匹配,贫寒,,
103,捏造,女神,盘问,配角,媲美,贫瘠,,
103,涅槃,女生,盘旋,配偶,僻静,贫苦,,
103,狞笑,女王,判别,配伍,偏爱,贫民,,
103,凝神,暖流,判决书,配制,偏差,贫血,,
103,凝望,暖瓶,,配种,偏激,频道,,
103,宁可,暖气,判明,喷发,偏离,品尝,,
103,宁肯,虐待,判刑,喷泉,偏旁,品格,,
103,宁愿,挪用,叛变,喷洒,偏僻,品评,,
103,牛犊,诺言,叛乱,喷射,偏颇,品位,,
103,牛皮,懦弱,叛逆,喷涂,偏心,品味,,
103,牛仔裤,糯米,叛徒,盆景,偏重,品行,,
103,扭曲,讴歌,旁白,盆栽,篇章,聘请,,
103,纽带,殴打,旁人,抨击,片段,平安,,
103,纽扣,呕吐,旁听,烹饪,片断,平板,,
103,农夫,偶像,膀胱,烹调,骗局,平淡,,
103,农妇,爬行,,蓬乱,骗取,平地,,
103,农耕,拍板,磅礴,蓬松,漂泊,平定,,
103,农机,拍卖,咆哮,膨大,漂浮,平反,,
103,农家,拍手,跑步,碰巧,漂流,平方,,
103,农垦,拍照,跑道,碰头,漂移,平房,,
103,农历,排队,泡菜,碰撞,飘带,平衡木,,
103,农忙,排挤,泡沫,,飘荡,,,
103,农事,排练,炮兵,批驳,飘动,平滑,,
103,农闲,排卵,炮火,批量,飘浮,平缓,,
103,浓淡,排球,炮击,批示,飘忽,平价,,
103,浓烈,排戏,炮楼,披露,飘零,平米,,
103,浓眉,排泄,炮台,霹雳,飘落,平生,,
103,浓密,排演,炮制,皮包,飘然,平素,,
104,平台,仆人,旗抱,气恼,牵涉,潜移默化,,
104,平稳,仆役,乞丐,气馁,牵引,,,
104,平息,匍匐,乞求,气派,牵制,浅薄,,
104,平移,蒲公英,乞讨,气泡,谦虚,浅海,,
104,平庸,,岂有此理,气魄,谦逊,浅滩,,
104,平整,蒲扇,,气球,签发,浅显,,
104,评比,朴实,企鹅,气色,签名,谴责,,
104,评定,普查,启程,气势,签署,欠缺,,
104,评分,普法,启迪,气态,签约,歉收,,
104,评估,普选,启动,气虚,签证,歉意,,
104,评奖,谱写,启蒙,气旋,签字,枪毙,,
104,评剧,瀑布,启事,气焰,前辈,枪弹,,
104,评判,栖息,起兵,迄今,前臂,枪杀,,
104,评审,凄惨,起步,汽笛,前程,枪支,,
104,评述,凄楚,起草,汽缸,,腔调,,
104,评弹,凄厉,起床,汽化,前额,强渡,,
104,评议,凄然,起飞,汽水,前锋,强攻,,
104,评语,期刊,起哄,汽艇,前列,强国,,
104,凭吊,欺凌,起火,契机,前年,强加,,
104,凭空,欺侮,起家,器件,前仆后继,强健,,
104,凭证,欺压,起见,器具,,强劲,,
104,屏风,欺诈,起劲,器皿,前哨,强力,,
104,屏障,漆黑,起居,器物,前身,强盛,,
104,坡地,漆器,起立,器械,前世,,,
104,坡度,齐备,起落,器乐,前天,强行,,
104,迫不及待,齐名,起事,器重,前卫,强硬,,
104,,齐全,起诉,洽谈,前沿,强占,,
104,破案,齐整,起先,恰巧,前夜,强壮,,
104,破除,奇观,起因,恰如,前肢,,,
104,破格,奇妙,绮丽,恰似,前奏,墙根,,
104,破获,奇闻,气喘,千古,虔诚,墙角,,
104,破旧,歧视,气垫,千金,钱包,墙头,,
104,破烂,歧途,气度,千钧一发,钱币,抢夺,,
104,破例,歧义,气概,,钱财,抢购,,
104,破灭,祈祷,气功,千卡,钳工,抢劫,,
104,破碎,祈求,气管,千瓦,乾坤,抢先,,
104,剖析,崎岖,气急,迁就,潜藏,抢险,,
104,扑鼻,骑兵,气节,迁居,潜伏,抢修,,
104,扑克,棋盘,气功,牵动,潜入,抢占,,
104,扑灭,棋子,气力,牵挂,潜水,强求,,
104,铺设,旗号,气囊,牵连,潜艇,乔木,,
105,侨胞,亲信,倾注,情谊,区间,全文,,
105,侨眷,亲缘,清白,情意,曲解,全线,,
105,侨民,亲子,清查,情欲,曲面,泉水,,
105,侨务,禽兽,清偿,情愿,曲轴,泉源,,
105,桥头,勤奋,清澈,晴空,驱车,拳击,,
105,巧合,勤俭,清脆,晴朗,驱除,痊愈,,
105,悄然,寝室,清单,顷刻,驱赶,蜷缩,,
105,悄声,青菜,清淡,请假,驱散,犬齿,,
105,峭壁,青草,清风,请教,驱使,劝导,,
105,窍门,青翠,清高,请客,屈从,劝告,,
105,切除,青稞,清官,请愿,屈辱,劝解,,
105,切磋,青睐,清净,庆贺,躯干,劝说,,
105,切点,青霉素,清静,庆幸,躯壳,劝慰,,
105,切割,,清冷,穷尽,躯体,劝阻,,
105,切口,青苔,清凉,穷苦,曲调,缺德,,
105,切面,青天,清明,穷困,曲目,缺憾,,
105,切片,青铜,清扫,丘陵,曲牌,缺口,,
105,切线,青衣,清瘦,秋风,曲艺,缺损,,
105,切合,轻便,清爽,秋收,取材,确信,,
105,切忌,轻而易举,,囚犯,取缔,确证,,
105,切身,,清算,囚禁,取经,确凿,,
105,怯懦,轻浮,清洗,囚徒,取乐,,,
105,窃取,轻快,清闲,求爱,取暖,群岛,,
105,惬意,轻描淡写,清香,求婚,取舍,群居,,
105,钦差,,清新,求救,取胜,冉冉,,
105,钦佩,轻蔑,清秀,求解,取笑,染料,,
105,侵害,轻骑,清早,求教,取样,让步,,
105,侵吞,轻柔,清真寺,求人,取悦,让位,,
105,侵袭,轻率,,求生,去路,饶恕,,
105,亲爱,轻信,蜻蜓,求实,去向,绕道,,
105,亲笔,轻音乐,情不自禁,求学,圈套,热潮,,
105,亲近,,,求援,权贵,热忱,,
105,亲口,轻盈,情调,求知,权衡,热诚,,
105,亲临,氢弹,情怀,求助,权势,热度,,
105,亲昵,倾倒,情理,球场,权限,热浪,,
105,亲朋,倾角,情侣,球迷,全集,热泪,,
105,亲身,倾诉,情人,球面,全力,热力,,
105,亲生,倾吐,情势,球赛,全貌,热恋,,
105,亲手,倾销,情书,球体,全能,热流,,
105,亲王,倾泻,情思,裘皮,全盘,热门,,
105,亲吻,倾心,情态,区划,全权,热气,,
106,热切,任免,蹂躏,三角洲,傻瓜,伤痕,,
106,热望,任凭,肉食,,霎时,伤势,,
106,热血,任期,肉眼,三轮车,筛选,伤亡,,
106,热源,任性,肉质,,山坳,,,
106,人材,任用,如期,散漫,山茶,商场,,
106,人称,任职,如实,散场,山川,,,
106,人次,韧带,如释重负,散会,山村,商船,,
106,人道,韧性,,散伙,山歌,商定,,
106,人丁,妊娠,如意,散落,山沟,商贩,,
106,人和,日程,儒学,散失,山河,商贾,,
106,人际,日光,蠕动,丧事,山洪,商会,,
106,人迹,日后,乳白,丧葬,山洞,商检,,
106,人流,日见,乳房,嗓音,山脚,商榷,,
106,人伦,日渐,乳牛,丧气,山梁,商谈,,
106,人马,日历,乳汁,骚动,山岭,商讨,,
106,人命,日食,入股,骚扰,山麓,商务,,
106,人品,日用,入境,扫除,山峦,商议,,
106,人情,荣获,入口,扫地,山门,赏赐,,
106,人权,荣幸,入门,扫盲,山系,赏识,,
106,人参,荣耀,入迷,扫描,山崖,上报,,
106,人声,绒毛,入睡,扫射,山羊,上臂,,
106,人世,绒线,入伍,扫视,山腰,上场,,
106,人手,容积,入夜,扫兴,山野,,,
106,人文,容貌,入座,色调,山岳,上当,,
106,人像,容忍,软骨,色光,山植,上等,,
106,人行道,容许,软化,色盲,珊瑚,上吊,,
106,,容颜,软件,色情,扇动,上风,,
106,人选,溶洞,软禁,色素,煽动,上工,,
106,人烟,溶化,软弱,色泽,闪现,上古,,
106,人中,溶血,锐角,森严,闪耀,上好,,
106,人种,熔化,锐利,僧尼,扇贝,上将,,
106,仁慈,融化,润滑,杀菌,善后,上缴,,
106,仁义,融洽,若无其事,杀戮,善意,上进,,
106,忍痛,融资,,杀伤,善战,上列,,
106,忍心,冗长,弱小,杉木,擅长,上流,,
106,认错,,撒谎,沙丘,擅自,上路,,
106,认购,柔道,撒娇,沙土,膳食,上马,,
106,认可,柔美,撒手,沙哑,赡养,上门,,
106,认同,柔情,赛场,纱布,伤疤,上品,,
106,认罪,柔弱,赛跑,纱锭,伤感,上任,,
106,任教,柔顺,赛事,刹车,伤寒,上身,,
107,上书,申报,神志,声带,尸骨,石膏,,
107,上台,申明,神州,声浪,失常,石刻,,
107,上行,申诉,审定,声名,失传,石窟,,
107,上旬,伸缩,审核,声势,失地,石料,,
107,上演,仲展,审理,声速,失火,石棉,,
107,上阵,伸张,审批,声望,失控,石墨,,
107,上肢,身长,审慎,,失礼,石笋,,
107,上座,身段,审视,声息,失利,石英,,
107,尚且,身高,审问,声学,失恋,时分,,
107,烧杯,身价,审讯,声言,失灵,时光,,
107,烧毁,身世,审议,声誉,失落,时局,,
107,烧火,呻吟,肾脏,声援,失眠,时区,,
107,烧酒,绅士,甚而,声乐,失明,时日,,
107,烧瓶,深奥,滲入,绳索,失散,时尚,,
107,烧伤,深层,升华,省城,失神,时事,,
107,烧香,深海,升级,,失声,时势,,
107,少见,深浅,升降,省份,失实,时务,,
107,少儿,深切,升任,省会,失守,时效,,
107,少妇,深秋,升腾,省略,失陷,时兴,,
107,少将,深山,升学,省事,失效,时针,,
107,哨兵,深思,生病,圣诞节,失血,时钟,,
107,哨所,深邃,生发,,失意,时装,,
107,奢侈,深信,生根,圣地,失真,识破,,
107,舌苔,深渊,生机,圣母,失职,实测,,
107,舍弃,深造,生计,圣人,失重,实地,,
107,舍身,深重,生路,圣旨,失踪,实话,,
107,设防,神采,生怕,胜地,失足,实惠,,
107,社交,神化,生平,胜任,师母,实况,,
107,社论,神经病,生疏,胜仗,师资,实情,,
107,社区,,生死,,诗集,实权,,
107,社团,神经质,生息,盛产,诗句,实事,,
107,射程,,生肖,盛大,诗篇,实数,,
107,射箭,神龛,生效,盛会,施放,实习,,
107,射门,神灵,生性,盛开,施加,实效,,
107,射手,神明,生涯,盛况,施舍,实心,,
107,涉外,神速,生硬,,施展,实业,,
107,涉足,神通,生字,盛名,施政,实战,,
107,赦免,神童,声波,盛怒,湿热,实证,,
107,摄取,神往,声部,盛夏,十足,食道,,
107,摄食,神像,声称,盛装,石板,食管,,
107,摄制,神韵,,,石雕,食粮,,
108,食谱,侍从,收听,受命,疏远,水泵,,
108,食物链,侍奉,收敛,受难,赎罪,水兵,,
108,,侍候,收养,受骗,熟人,水波,,
108,食性,侍卫,手背,受气,熟睡,水草,,
108,食欲,试点,手册,受热,熟知,水产,,
108,食指,试剂,手稿,受训,暑假,水车,,
108,史册,试卷,手铐,受益,署名,水花,,
108,史籍,试看,手帕,受灾,曙光,水火,,
108,史料,试探,手软,受制,述评,水晶,,
108,史前,试题,手套,受阻,述说,水井,,
108,史诗,试问,手腕,受罪,树丛,水力,,
108,史实,试想,手下,授粉,树冠,水龙头,,
108,史书,试行,手心,授课,树苗,,,
108,使馆,试用,手艺,授权,树脂,水陆,,
108,使节,试纸,手杖,授予,竖立,水路,,
108,使者,视察,手足,兽医,庶民,水鸟,,
108,始祖,视角,守备,瘦弱,数额,水牛,,
108,士气,视力,守法,瘦小,数码,水情,,
108,士族,视图,守候,书法,刷新,水渠,,
108,示弱,视网膜,守护,书房,衰败,水势,,
108,示意,,守旧,书画,衰减,水塔,,
108,示众,适度,守卫,书架,衰竭,水獭,,
108,世道,适量,守则,书局,衰落,水土,,
108,世故,适时,首创,书卷,衰弱,水系,,
108,世家,适中,,书刊,衰退,水仙,,
108,世间,嗜好,首府,书目,衰亡,水乡,,
108,世面,誓言,首届,书生,摔跤,水箱,,
108,世人,收藏,首脑,书信,率先,水星,,
108,世事,收场,首尾,书院,双边,水性,,
108,世俗,收发,首席,书桌,,水域,,
108,世袭,收复,首相,抒发,双重,水运,,
108,市价,收割,受挫,枢纽,,水灾,,
108,市郊,收工,受害,倏然,双亲,水闸,,
108,市面,收缴,受贿,梳理,双向,水质,,
108,市镇,收看,受奖,舒畅,,水肿,,
108,市政,收敛,受戒,舒展,双语,水准,,
108,式样,收留,受惊,舒张,霜冻,税额,,
108,事理,收录,受苦,疏导,,税法,,
108,事态,收买,受累,疏散,霜期,税利,,
108,事项,收取,受累,疏松,爽朗,税率,,
108,事宜,收容,受理,疏通,,税务,,
109,睡梦,撕毁,苏醒,踏步,搪瓷,疼爱,,
109,睡意,嘶哑,俗话,胎盘,搪塞,腾飞,,
109,顺便,死板,俗名,胎生,糖果,腾空,,
109,顺从,死活,俗人,台词,糖尿病,藤萝,,
109,顺风,死寂,俗语,台灯,,剔除,,
109,顺口,死伤,诉苦,台阶,螳螂,梯田,,
109,顺势,死神,诉说,抬升,倘使,梯形,,
109,顺心,死守,肃穆,太后,烫伤,提案,,
109,顺眼,四级,肃清,太子,绦虫,提包,,
109,顺应,四散,素来,态势,滔滔,提成,,
109,瞬时,四时,素描,泰山,逃兵,提纯,,
109,说唱,四外,素养,坍塌,逃窜,提纲,,
109,说穿,四围,速成,贪婪,逃荒,提货,,
109,说谎,寺庙,速写,贪图,逃命,提交,,
109,说教,似是而非,宿营,贪污,逃难,提留,,
109,说理,,塑像,摊贩,逃脱,提名,,
109,说笑,伺机,酸痛,摊派,逃亡,提琴,,
109,硕大,肆无忌惮,酸雨,滩涂,逃学,提请,,
109,硕士,,酸枣,瘫痪,逃离,提升,,
109,司空见惯,肆意,算命,谈天,陶瓷,提示,,
109,,松动,算术,谈吐,陶器,提问,,
109,丝绸,松软,算账,谈心,陶醉,提携,,
109,丝绒,松散,随处,弹劾,淘气,提早,,
109,丝线,松手,随从,弹力,讨伐,啼哭,,
109,私产,松鼠,随军,弹跳,讨饭,啼笑皆非,,
109,私法,松懈,随身,坦白,讨好,,,
109,私立,怂恿,随同,坦然,套用,题词,,
109,私利,耸立,随心所欲,坦率,特产,体察,,
109,私事,送别,,叹气,特长,体罚,,
109,私塾,送礼,隧道,探究,特技,体格,,
109,私下,送气,损坏,探亲,特例,体检,,
109,私心,送行,唆使,探求,特派,体魄,,
109,私语,送葬,蓑衣,探视,特区,体态,,
109,私自,诵读,缩减,探听,特赦,体贴,,
109,思辨,颂扬,缩影,探头,特写,体味,,
109,思忖,搜捕,索取,探望,特许,体形,,
109,思虑,搜查,索性,探问,特异,体型,,
109,思念,搜刮,琐事,探险,特约,体液,,
109,思绪,搜罗,琐碎,探寻,特制,体育场,,
109,斯文,搜索,锁链,探询,特质,,,
109,厮杀,搜寻,他乡,堂皇,特种,体育馆,,
110,体征,恬静,听信,同居,头目,屠刀,,
110,剃头,甜菜,庭审,同龄,头疼,屠宰,,
110,天边,甜美,庭院,同盟,头痛,土产,,
110,天窗,甜蜜,停办,同名,头衔,土豆,,
110,,填补,停泊,同位素,头绪,土星,,
110,天敌,填充,停车,,投案,土语,,
110,天赋,填空,停放,同乡,投保,土质,,
110,天国,填塞,停刊,同心,投奔,土著,,
110,天花,填写,停息,同性,投标,吐露,,
110,天花板,条理,停歇,同姓,投递,吐血,,
110,,条文,停业,铜板,投放,湍急,,
110,天际,调剂,停战,铜臭,投考,团队,,
110,天经地义,调价,停滞,铜钱,投靠,团伙,,
110,,调控,挺拔,童工,投票,团聚,,
110,天井,调配,挺进,童心,投射,团圆,,
110,天理,调皮,挺立,童子,投身,推迟,,
110,天亮,调试,挺身,瞳孔,投诉,推崇,,
110,天明,调停,通报,统称,投影,推辞,,
110,天命,调制,通畅,统筹,投掷,推导,,
110,天幕,挑拨,通车,统购,透彻,推倒,,
110,天平,挑衅,通称,统领,透气,推定,,
110,天色,眺望,通达,统帅,透视,推断,,
110,天时,跳板,通风,统率,秃顶,推举,,
110,天使,跳高,通告,统辖,突起,推力,,
110,天书,跳水,通航,统一体,突围,推敲,,
110,天堂,贴近,通话,统制,突袭,推算,,
110,天外,贴切,通婚,痛斥,图表,推想,,
110,天线,铁道,通货,痛楚,图解,推卸,,
110,天象,铁轨,通令,痛恨,图景,推选,,
110,天性,铁青,通路,痛觉,图谋,推演,,
110,天涯,铁丝,通气,痛哭,图片,推移,,
110,天灾,铁索,通商,痛心,图腾,颓废,,
110,天职,铁蹄,通俗,偷懒,图像,颓然,,
110,天资,铁锨,通宵,偷窃,图样,颓丧,,
110,天子,厅堂,通晓,偷袭,徒步,腿脚,,
110,添置,听从,通行,头等,徒工,退步,,
110,田赋,听候,通则,头骨,徒然,退还,,
110,田埂,听讲,同班,头号,徒手,退回,,
110,田亩,听课,同辈,头巾,徒刑,退路,,
110,田鼠,听任,同步,头盔,涂料,退却,,
110,田园,听筒,同感,头颅,涂抹,退让,,
118,争光,正直,执政,制备,忠厚,周末,,
118,,正中,执着,制裁,忠于,周身,,
118,争鸣,,直播,制服,忠贞,周岁,,
118,争气,正宗,直肠,制剂,终点,周旋,,
118,争议,证件,直达,制图,终端,周延,,
118,争执,证券,直属,质地,终归,周折,,
118,征购,郑重,直率,质朴,终极,轴线,,
118,征集,,直爽,质问,终结,咒骂,,
118,征途,政变,值勤,治水,终了,皱纹,,
118,征文,政法,值日,治学,终日,骤然,,
118,征询,政界,职称,致敬,终生,珠宝,,
118,征兆,政局,职位,致密,,株连,,
118,症结,政客,植被,致命,终止,诸侯,,
118,蒸馏,政论,止步,致死,钟表,诸如此类,,
118,蒸馏水,政事,只管,致意,钟点,诸位,,
118,,政体,只消,桎梏,衷心,蛛网,,
118,蒸汽,政务,旨意,窒息,肿胀,竹竿,,
118,蒸腾,支架,纸板,智育,,竹笋,,
118,拯救,支流,纸币,滞留,种姓,主办,,
118,整编,支票,纸烟,滞销,中风,主次,,
118,整风,支柱,纸张,置换,中肯,主峰,,
118,整洁,只身,指点,置身,中意,主干,,
118,整数,汁液,指控,稚嫩,仲裁,主根,,
118,整形,知己,指南,稚气,众生,主攻,,
118,整治,知了,指南针,中层,种地,主顾,,
118,正比,知名,,中级,种田,主机,,
118,正比例,知情,指派,中间人,重兵,主见,,
118,,知晓,指使,,重担,主将,,
118,正步,知心,指望,中介,重金,主角,,
118,正道,知音,指纹,中立,重任,主考,,
118,正轨,肢体,指引,中秋,重伤,主流,,
118,正极,织物,指摘,中途,,主人翁,,
118,正门,脂粉,指针,中文,重心,,,
118,正派,执笔,至多,中西,重型,主食,,
118,正气,执法,至上,中线,重用,主事,,
118,正视,执教,志趣,中药,周报,主线,,
118,正统,执拗,志向,中庸,周而复始,主演,,
118,正文,执勤,志愿,中用,,主宰主旨,,
118,正午,执意,志愿军,中游,周刊,嘱托,,
118,,执照,,中止,,,,
118,,,,中转,,,,
119,瞩目,专科,装点,捉拿,自强,纵容,,
119,伫立,转款,,灼热,自如,纵身,,
119,助教,专栏,装潢,茁壮,自始至终,纵深,,
119,助理,装卖,,茁壮,,纵使,,
119,助长,专区,装配,卓著,自首,纵向,,
119,住址,专人,装束,着力,自述,走动,,
119,住户,专心,装卸,着陆,自私,走访,,
119,住家,专一,装修,着落,自修,走私,,
119,住宿,专员,装运,着实,自学,奏鸣曲,,
119,住所,专职,装载,着想,自以为是,,,
119,住院,专注,壮丁,着眼,,奏效,,
119,住址,专著,,着意,自制,奏章,,
119,贮备,砖头,壮观,资财,自重,租借,,
119,注册,转播,,资方,自传,租金,,
119,注定,转产,壮举,资历,自尊,租赁,,
119,注解,转达,壮丽,资助,字典,租用,,
119,注目,转告,壮烈,滋补,字画,足迹,,
119,注射器,转机,壮年,滋润,字迹,足见,,
119,,转嫁,,滋生,字句,诅咒,,
119,注释,转交,壮士,滋养,字体,阻挡,,
119,注销,转脸,壮志,滋长,字条,阻隔,,
119,注音,转念,状语,紫菜,字形,阻击,,
119,驻地,转让,撞击,紫外线,字义,阻拦,,
119,驻守,转手,追捕,,字音,阻挠,,
119,驻军,转瞬,追查,自卑,宗法,阻塞,,
119,驻守,转弯,追悼,自大,宗派,组建,,
119,驻扎,转眼,追肥,自得,宗室,组装,,
119,祝福,转业,追赶,自费,棕榈,祖传,,
119,祝愿,转运,追击,自封,棕色,钻探,,
119,著称,转战,追加,自负,踪迹,钻石,,
119,著述,转折,追溯,自给,踪影,钻头,,
119,著者,传记,追随,自家,总称,嘴脸,,
119,铸造,转速,追问,自尽,总得,罪过,,
119,抓获,转轴,追寻,自救,总队,罪名,,
119,专长,撰写,追忆,自居,总共,罪孽,,
119,,篆刻,追踪,自然水,总管,罪人,,
119,专车,庄园,坠落,自理,总归,罪证,,
119,专程,,赘述,自立,总计,罪状,,
119,,庄重,准绳,自流,总务,罪人,,
119,专断,,准时,自律,纵横,醉心,,
119,专横,装扮,准许,自满,纵然,尊称,,
120,尊贵,左翼,作怪,作文,座谈,做声,,
120,遵从,作案,作价,坐落,做工,做戏,,
120,遵照,作对,作客,坐镇,做功,做主,,
120,左倾,作恶,作祟,座舱,做人,,,
120,爱人,步子,大夫,多么,姑娘,幌子,,
120,案子,部分,带子,蛾子,谷子,胡萝卜,,
120,巴掌,裁缝,袋子,儿子,骨头,活泼,,
120,把子,财主,耽搁,耳朵,故事,火候,,
120,把子,苍蝇,耽误,贩子,寡妇,伙计,,
120,爸爸,差事,单子,房子,褂子,护士,,
120,白净,柴火,胆子,份子,怪物,机灵,,
120,班子,肠子,担子,风筝,关系,脊梁,,
120,板子,厂子,刀子,疯子,官司,记号,,
120,帮手,场子,道士,福气,罐头,记性,,
120,梆子,车子,稻子,斧子,罐子,夹子,,
120,膀子,称呼,灯笼,盖子,规矩,家伙,,
120,棒槌,池子,提防,甘蔗,闺女,架势,,
120,棒子,尺子,笛子,杆子,鬼子,架子,,
120,包袱,虫子,底子,杆子,柜子,嫁妆,,
120,包含,绸子,地道,干事,棍子,尖子,,
120,包子,除了,地方,杠子,锅子,茧子,,
120,豹子,锄头,弟弟,高粱,果子,剪子,,
120,杯子,畜生,弟兄,膏药,蛤蟆,见识,,
120,被子,窗户,点心,稿子,孩子,毽子,,
120,本事,窗子,调子,告诉,含糊,将就,,
120,本子,锤子,钉子,疙瘩,汉字,交情,,
120,鼻子,刺猬,东家,哥哥,行当,饺子,,
120,比方,凑合,东西,胳膊,合同,叫唤,,
120,鞭子,村子,动静,鸽子,和尚,轿子,,
120,扁担,耷拉,动弹,格子,核桃,结实,,
120,辫子,答应,豆腐,个子,盒子,街坊,,
120,别扭,打扮,豆子,根子,红火,姐夫,,
120,饼子,打点,嘟囔,跟头,猴子,姐姐,,
120,拨弄,打发,肚子,工夫,后头,戒指,,
120,脖子,打量,肚子,弓子,厚道,金子,,
120,簸箕,打算,缎子,公公,狐狸,精神,,
120,补丁,打听,对付,功夫,胡琴,镜子,,
120,不由得,大方,对头,钩子,糊涂,舅舅,,
120,不在乎,大爷,队伍,姑姑,皇上,橘子,,
121,句子,粮食,模糊,欺负,师傅,挑子,,
121,卷子,两口子,木匠,旗子,虱子,条子,,
121,咳嗽,,前头,狮子,跳蛋,,,
121,客气,料子,那么,钳子,石匠,铁匠,,
121,空子,林子,奶奶,茄子,石榴,亭子,,
121,口袋,翎子,难为,亲戚,石头,头发,,
121,口子,领子,脑袋,勤快,时候,头子,,
121,扣子,溜达,脑子,清楚,实在,兔子,,
121,窟隆,聋子,能耐,亲家,拾搬,妥当,,
121,裤子,笼子,你们,曲子,使唤,唾沫,,
121,快活,炉子,念叨,圈子,世故,挖苦,,
121,筷子,路子,念头,拳头,似的,娃娃,,
121,框子,轮子,娘家,裙子,事情,袜子,,
121,困难,萝卜,辍子,热闹,柿子,晚上,,
121,阔气,骤子,奴才,人家,收成,尾巴,,
121,喇叭,骆驼,女婿,人们,收拾,委屈,,
121,喇嘛,妈妈,暖和,认识,首饰,为了,,
121,篮子,麻烦,疟疾,日子,叔叔,位置,,
121,懒得,麻利,拍子,褲子,梳子,位子,,
121,浪头,麻子,牌楼,塞子,舒服,蚊子,,
121,老婆,马虎,牌子,嗓子,舒坦,稳当,,
121,老实,码头,盘算,嫂子,疏忽,我们,,
121,老太太,买卖,盘子,扫录,爽快,屋子,,
121,,麦子,胖子,沙子,稀罕,,,
121,老头子,馒头,孢子,傻子,思量,席子,,
121,老爷,忙活,盆子,扇子,算计,媳妇,,
121,老子,冒失,朋友,商量,岁数,喜欢,,
121,姥姥,帽子,棚子,上司,孙子,瞎子,,
121,累赘,眉毛,脾气,上头,他们,匣子,,
121,篱笆,媒人,皮子,烧饼,它们,下巴,,
121,里头,妹妹,痞子,勺子,她们,吓賊,,
121,力气,门道,屁股,少爷,台子,先生,,
121,厉害,眯缝,片子,哨子,太太,乡下,,
121,利落,迷糊,便宜,舌头,摊子,箱子,,
121,利索,面子,骗子,身子,坛子,相声,,
121,例子,苗条,票子,什么,毯子,消息,,
121,栗子,苗头,漂亮,婶子,桃子,小伙子,,
121,荆疾,名堂,瓶子,生意,特务,小气,,
121,连累,名字,婆家,牲口,梯子,小子,,
121,帘子,明白,婆婆,绳子,蹄子,笑话,,
121,凉快,蘑菇,铺盖,师父,挑剔,谢谢,,
122,心思,哑巴,衣裳,怎么,枕头,爪子,,
122,星星,胭脂,椅子,扎实,镇子,转悠,,
122,猩猩,烟筒,意思,眨巴,芝麻,庄稼,,
122,行李,眼睛,银子,栅栏,知识,庄子,,
122,性子,燕子,影子,宅子,侄子,壮实,,
122,兄弟,秧歌,应酬,寨子,指甲,状元,,
122,休息,养活,柚子,张罗,,,,
122,秀才,样子,冤枉,丈夫,指头,锥子,,
122,秀气,吆喝,院子,帐篷,,桌子,,
122,袖子,妖精,月饼,丈人,种子,字号,,
122,靴子,钥匙,月亮,杖子,珠子,自在,,
122,学生,椰子,云彩,招呼,竹子,粽子,,
122,学问,爷爷,运气,招牌,主意,祖宗,,
122,丫头,,,,,,,
122,鸭头,一辈子,咱们,这个,主子,作坊,,
122,衙门,衣服,早上,这么,柱子,琢磨,,
122,把手,诚实,点缀,感激,花费,禁不住,,
122,白天,吃不消,惦记,告示,滑稽,,,
122,摆布,,东边,格式,荒唐,进来,,
122,摆弄,尺寸,懂得,眼前,,进去,,
122,褒贬,抽屉,短处,公家,黄瓜,近视,,
122,报酬,出来,对不起,功劳,恍惚,觉得,,
122,报复,出去,多少,公平,回来,看不起,,
122,报应,刺激,多数,工钱,回去,,,
122,抱怨,聪明,翻腾,工人,晦气,看见,,
122,北边,,反正,恭维,活动,考究,,
122,本钱,错误,费用,勾当,火气,靠不住,,
122,鼻涕,搭讪,分寸,估量,伙食,,,
122,别人,答复,分量,固执,祸害,客人,,
122,别致,打交道,风水,过来,机会,苦头,,
122,玻璃,,凤凰,过去,机器,会计,,
122,不见得,大不了,,好处,机器人,宽敞,,
122,,,夫人,害处,记得,,,
122,残疾,当铺,扶手,行家,忌讳,魁梧,,
122,差不多,道理,服侍,和气,家具,拉拢,,
122,,得罪,斧头,荷包,价钱,来不及,,
122,长处,底细,父亲,喉咙,讲究,牢骚,,
122,成分,底下,干净,后边,缰绳,老人家,,
122,,地下,干粮,后面,,,,
123,老鼠,牡丹,起来,尸首,下边,右面,,
123,冷不防,哪里,气氛,使得,下来,遇见,,
123,,那里,前边,势力,下面,鸳鸯,,
123,冷清,南边,前面,势头,下去,愿意,,
123,里边,难处,敲打,手巾,显得,月季,,
123,里面,南瓜,瞧见,书记,想法,匀称,,
123,理事,南面,俏皮,熟悉,晓,糟蹋,,
123,力量,泥鳅,亲事,说法,小姐,早晨,,
123,了不得,挪动,轻巧,算盘,小心,渣滓,,
123,,排场,情形,孙女,心里,照顾,,
123,了不起,牌坊,情绪,态度,态度,照应,,
123,,佩服,去处,太阳,新鲜,折磨,,
123,邻居,喷嚏,任务,太监,修行,这里,,
123,伶俐,碰见,容易,提拔,烟囱,阵势,,
123,琉璃,琵琶,酒脱,体谅,妖怪,证人,,
123,露水,篇幅,上边,体面,摇晃,知道,,
123,逻辑,撤开,,替换,夜里,值得,,
123,埋伏,泼辣,上来,听见,已经,侄女,,
123,卖弄,破绽,上面,通融,益处,志气,,
123,毛病,魄力,,痛快,意见,周到,,
123,玫瑰,菩萨,上去,透亮,义气,嘱咐,,
123,眉目,葡萄,舍不得,外边,意识,主人,,
123,没有,葡萄酒,,外面,因为,住处,,
123,门面,,身份,围裙,樱桃,资格,,
123,棉花,葡萄糖,神气,味道,应付,左边,,
123,免得,,神仙,西瓜,用处,左面,,
123,摸索,妻子,生日,喜鹊,右边,坐位,,
123,母亲,,,,,,,
123,刀把儿,加塞儿,药方儿,差点儿,透亮儿,,,
123,号码儿,快板儿,赶趟儿,一点儿,花样儿,,,
123,戏法儿,老伴儿,香肠儿,雨点儿,脑瓜儿,,,
123,在哪儿,蒜瓣儿,,聊天儿,大褂儿,,,
123,找茬儿,脸盘儿,瓜瓤几,拉链儿,麻花儿,,,
123,打杂儿,脸蛋儿,掉价儿,冒尖儿,笑话儿,,,
123,板擦儿,收摊儿,一下儿,坎肩儿,牙刷儿,,,
123,名牌儿,栅栏儿,豆芽儿,牙签儿,一块儿,,,
123,鞋带儿,包干儿,小辫儿,露馅儿,茶馆儿,,,
123,壶盖儿,笔杆儿,照片儿,心眼儿,饭馆儿,,,
123,小孩儿,门槛儿,扇面儿,鼻梁儿,火罐儿,,,
124,落款儿,走神儿,石子儿,唱歌儿,蜜枣儿,,,
124,打转儿,大婶儿,没词儿,挨个儿,鱼漂儿,,,
124,拐弯儿,小人儿书,挑刺儿,打嗝儿,火苗儿,,,
124,好玩儿,,墨汁儿,饭盒儿,跑调儿,,,
124,大腕儿,杏仁儿,锯齿儿,在这儿,面条儿,,,
124,蛋黄儿,刀刃儿,记事儿,碎步儿,豆角儿,,,
124,打晃儿,钢镚儿,针鼻儿,没谱儿,开窍儿,,,
124,天窗儿,夹缝儿,垫底儿,儿媳妇儿,衣兜儿,,,
124,烟卷儿,脖颈儿,肚脐儿,梨核儿,老头儿,,,
124,手绢儿,提成儿,玩意儿,泪珠儿,年头儿,,,
124,出圈儿,半截儿,有劲儿,有数儿,小偷儿,,,
124,包圆儿,小鞋儿,送信儿,果冻儿,门口儿,,,
124,人缘儿,旦角儿,脚印儿,门洞儿,纽扣儿,,,
124,绕远儿,主角儿,花瓶儿,胡同儿,线轴儿,,,
124,杂院儿,跑腿儿,打鸣儿,抽空儿,小丑儿,,,
124,刀背儿,一会儿,图钉儿,酒盅儿,加油儿,,,
124,摸黑儿,耳垂儿,门铃儿,小葱儿,顶牛儿,,,
124,老本儿,墨水儿,眼镜儿,小熊儿,抓阄儿,,,
124,花盆儿,围嘴儿,蛋清儿,红包儿,棉球儿,,,
124,嗓门儿,走味儿,火星儿,灯泡儿,火锅儿,,,
124,把门儿,打盹儿,人影儿,半道儿,做活儿,,,
124,哥们儿,胖墩儿,毛驴儿,手套儿,大伙儿,,,
124,纳闷儿,砂轮儿,小曲儿,跳高儿,邮戳儿,,,
124,后跟儿,冰棍儿,痰盂儿,叫好儿,小说儿,,,
124,高跟儿鞋,没准儿,合群儿,口罩儿,被窝儿,,,
124,,开春儿,模特儿,绝着儿,耳膜儿,,,
124,别针儿,小瓮儿,逗乐儿,口哨儿,粉末儿,,,
124,一阵儿,瓜子儿,,,,,,
